demandDate,storeLocationId,qty
2021-09-10,1001,11
2021-09-11,1001,302
2021-09-12,1001,699
2021-09-13,1001,86
2021-09-14,1001,130
2021-09-15,1001,113
2021-09-16,1001,318
2021-09-17,1001,179
2021-09-18,1001,268
2021-09-19,1001,250
2021-09-20,1001,279
2021-09-21,1001,204
2021-09-22,1001,113
2021-09-23,1001,166
2021-09-24,1001,189
2021-09-25,1001,211
2021-09-26,1001,458
2021-09-27,1001,348
2021-09-28,1001,384
2021-09-29,1001,262
2021-09-30,1001,635
2021-10-01,1001,753
2021-10-02,1001,845
2021-10-03,1001,908
2021-10-04,1001,847
2021-10-05,1001,592
2021-10-06,1001,763
2021-10-07,1001,1171
2021-10-08,1001,723
2021-10-09,1001,977
2021-10-10,1001,1289
2021-10-11,1001,832
2021-10-12,1001,900
2021-10-13,1001,960
2021-10-14,1001,748
2021-10-15,1001,758
2021-10-16,1001,918
2021-10-17,1001,1013
2021-10-18,1001,846
2021-10-19,1001,1041
2021-10-20,1001,1238
2021-10-21,1001,774
2021-10-22,1001,1127
2021-10-23,1001,1060
2021-10-24,1001,1513
2021-10-25,1001,1084
2021-10-26,1001,1129
2021-10-27,1001,1016
2021-10-28,1001,1095
2021-10-29,1001,1212
2021-10-30,1001,1555
2021-10-31,1001,1692
2021-11-01,1001,1523
2021-11-02,1001,1076
2021-11-03,1001,1004
2021-11-04,1001,1116
2021-11-05,1001,1167
2021-11-06,1001,1496
2021-11-07,1001,1701
2021-11-08,1001,1456
2021-11-09,1001,1351
2021-11-10,1001,1241
2021-11-11,1001,996
2021-11-12,1001,1251
2021-11-13,1001,1689
2021-11-14,1001,1614
2021-11-15,1001,1192
2021-11-16,1001,1005
2021-11-17,1001,1078
2021-11-18,1001,913
2021-11-19,1001,1187
2021-11-20,1001,1368
2021-11-21,1001,1840
2021-11-22,1001,1251
2021-11-23,1001,1049
2021-11-24,1001,1080
2021-11-25,1001,924
2021-11-26,1001,1347
2021-11-27,1001,1470
2021-11-28,1001,1652
2021-11-29,1001,1466
2021-11-30,1001,1343
2021-12-01,1001,1221
2021-12-01,1002,20
2021-12-02,1001,1304
2021-12-02,1002,11
2021-12-03,1001,1434
2021-12-03,1002,186
2021-12-03,1003,9
2021-12-04,1001,1315
2021-12-04,1002,148
2021-12-05,1001,1807
2021-12-05,1002,169
2021-12-05,1003,3
2021-12-06,1001,1376
2021-12-06,1002,225
2021-12-06,1003,191
2021-12-07,1001,1182
2021-12-07,1002,196
2021-12-07,1003,263
2021-12-08,1001,1240
2021-12-08,1002,198
2021-12-08,1003,259
2021-12-09,1001,1139
2021-12-09,1002,108
2021-12-09,1003,256
2021-12-10,1001,1407
2021-12-10,1002,429
2021-12-10,1003,413
2021-12-11,1001,1371
2021-12-11,1002,257
2021-12-11,1003,764
2021-12-12,1001,1696
2021-12-12,1002,586
2021-12-12,1003,535
2021-12-13,1001,1361
2021-12-13,1002,508
2021-12-13,1003,698
2021-12-14,1001,1617
2021-12-14,1002,524
2021-12-14,1003,816
2021-12-15,1001,1322
2021-12-15,1002,621
2021-12-15,1003,1008
2021-12-16,1001,1584
2021-12-16,1002,710
2021-12-16,1003,1200
2021-12-17,1001,1704
2021-12-17,1002,822
2021-12-17,1003,1198
2021-12-18,1001,1829
2021-12-18,1002,935
2021-12-18,1003,1314
2021-12-19,1001,1764
2021-12-19,1002,956
2021-12-19,1003,1254
2021-12-20,1001,1534
2021-12-20,1002,1058
2021-12-20,1003,1060
2021-12-21,1001,1674
2021-12-21,1002,787
2021-12-21,1003,1269
2021-12-22,1001,1375
2021-12-22,1002,945
2021-12-22,1003,877
2021-12-23,1001,1353
2021-12-23,1002,1019
2021-12-23,1003,952
2021-12-24,1001,1406
2021-12-24,1002,1269
2021-12-24,1003,1148
2021-12-26,1001,2169
2021-12-26,1002,2747
2021-12-26,1003,1490
2021-12-27,1001,1347
2021-12-27,1002,1243
2021-12-27,1003,927
2021-12-28,1001,1368
2021-12-28,1002,1029
2021-12-28,1003,988
2021-12-29,1001,1247
2021-12-29,1002,1085
2021-12-29,1003,872
2021-12-30,1001,1250
2021-12-30,1002,1236
2021-12-30,1003,652
2021-12-31,1001,1585
2021-12-31,1002,1555
2021-12-31,1003,1017
2022-01-01,1001,1585
2022-01-01,1002,1942
2022-01-01,1003,1116
2022-01-02,1001,1629
2022-01-02,1002,1799
2022-01-02,1003,1257
2022-01-03,1001,1608
2022-01-03,1002,1539
2022-01-03,1003,1362
2022-01-04,1001,1689
2022-01-04,1002,1452
2022-01-04,1003,1132
2022-01-05,1001,1213
2022-01-05,1002,1107
2022-01-05,1003,862
2022-01-06,1001,1289
2022-01-06,1002,1233
2022-01-06,1003,996
2022-01-07,1001,1471
2022-01-07,1002,1381
2022-01-07,1003,1042
2022-01-08,1001,1880
2022-01-08,1002,1733
2022-01-08,1003,1550
2022-01-09,1001,1720
2022-01-09,1002,1630
2022-01-09,1003,1522
2022-01-10,1001,1426
2022-01-10,1002,1346
2022-01-10,1003,1269
2022-01-11,1001,1492
2022-01-11,1002,1430
2022-01-11,1003,1054
2022-01-12,1001,1164
2022-01-12,1002,1286
2022-01-12,1003,1110
2022-01-13,1001,1324
2022-01-13,1002,1124
2022-01-13,1003,1094
2022-01-14,1001,1029
2022-01-14,1002,1111
2022-01-14,1003,1196
2022-01-15,1001,1575
2022-01-15,1002,1475
2022-01-15,1003,1441
2022-01-16,1001,2053
2022-01-16,1002,1827
2022-01-16,1003,1701
2022-01-17,1001,1500
2022-01-17,1002,1186
2022-01-17,1003,1431
2022-01-18,1001,1567
2022-01-18,1002,1343
2022-01-18,1003,1153
2022-01-19,1001,1210
2022-01-19,1002,1351
2022-01-19,1003,1159
2022-01-20,1001,1535
2022-01-20,1002,1217
2022-01-20,1003,1467
2022-01-21,1001,1456
2022-01-21,1002,1371
2022-01-21,1003,1473
2022-01-22,1001,1509
2022-01-22,1002,1830
2022-01-22,1003,1557
2022-01-23,1001,2123
2022-01-23,1002,1844
2022-01-23,1003,1923
2022-01-24,1001,1418
2022-01-24,1002,1438
2022-01-24,1003,1164
2022-01-25,1001,1495
2022-01-25,1002,1651
2022-01-25,1003,1209
2022-01-26,1001,1456
2022-01-26,1002,1097
2022-01-26,1003,1455
2022-01-27,1001,1395
2022-01-27,1002,1381
2022-01-27,1003,1266
2022-01-27,3001,21
2022-01-28,1001,1587
2022-01-28,1002,1543
2022-01-28,1003,1153
2022-01-28,3001,78
2022-01-29,1001,1860
2022-01-29,1002,1988
2022-01-29,1003,1575
2022-01-29,3001,174
2022-01-30,1001,1937
2022-01-30,1002,2042
2022-01-30,1003,1830
2022-01-30,3001,203
2022-01-31,1001,1474
2022-01-31,1002,1511
2022-01-31,1003,1509
2022-01-31,1004,19
2022-01-31,3001,242
2022-02-01,1001,1492
2022-02-01,1002,1499
2022-02-01,1003,1017
2022-02-01,1004,120
2022-02-01,3001,215
2022-02-02,1001,1420
2022-02-02,1002,1396
2022-02-02,1003,989
2022-02-02,1004,156
2022-02-02,3001,251
2022-02-03,1001,1249
2022-02-03,1002,1269
2022-02-03,1003,1179
2022-02-03,1004,139
2022-02-03,3001,256
2022-02-04,1001,1345
2022-02-04,1002,1646
2022-02-04,1003,1610
2022-02-04,1004,110
2022-02-04,2001,5
2022-02-04,3001,207
2022-02-05,1001,1728
2022-02-05,1002,1764
2022-02-05,1003,1476
2022-02-05,1004,188
2022-02-05,3001,173
2022-02-06,1001,2241
2022-02-06,1002,2113
2022-02-06,1003,2157
2022-02-06,1004,350
2022-02-06,3001,356
2022-02-07,1001,1656
2022-02-07,1002,1984
2022-02-07,1003,1351
2022-02-07,1004,258
2022-02-07,2001,263
2022-02-07,3001,458
2022-02-08,1001,1293
2022-02-08,1002,1868
2022-02-08,1003,1259
2022-02-08,1004,445
2022-02-08,2001,200
2022-02-08,3001,328
2022-02-09,1001,1389
2022-02-09,1002,1856
2022-02-09,1003,1666
2022-02-09,1004,378
2022-02-09,2001,233
2022-02-09,3001,709
2022-02-10,1001,1356
2022-02-10,1002,1906
2022-02-10,1003,1735
2022-02-10,1004,374
2022-02-10,2001,203
2022-02-10,3001,412
2022-02-11,1001,1552
2022-02-11,1002,1878
2022-02-11,1003,1708
2022-02-11,1004,346
2022-02-11,2001,285
2022-02-11,3001,575
2022-02-12,1001,1926
2022-02-12,1002,2328
2022-02-12,1003,2019
2022-02-12,1004,670
2022-02-12,2001,257
2022-02-12,3001,624
2022-02-13,1001,2180
2022-02-13,1002,2026
2022-02-13,1003,2502
2022-02-13,1004,703
2022-02-13,2001,903
2022-02-13,3001,393
2022-02-14,1001,1670
2022-02-14,1002,2189
2022-02-14,1003,1894
2022-02-14,1004,613
2022-02-14,2001,373
2022-02-14,3001,328
2022-02-15,1001,1966
2022-02-15,1002,2999
2022-02-15,1003,2157
2022-02-15,1004,474
2022-02-15,2001,516
2022-02-15,3001,574
2022-02-16,1001,1801
2022-02-16,1002,2914
2022-02-16,1003,1731
2022-02-16,1004,762
2022-02-16,2001,216
2022-02-16,3001,534
2022-02-17,1001,1643
2022-02-17,1002,3041
2022-02-17,1003,1773
2022-02-17,1004,789
2022-02-17,2001,280
2022-02-17,3001,507
2022-02-18,1001,1212
2022-02-18,1002,1362
2022-02-18,1003,1731
2022-02-18,1004,959
2022-02-18,2001,534
2022-02-18,3001,547
2022-02-19,1001,2306
2022-02-19,1002,2918
2022-02-19,1003,2967
2022-02-19,1004,963
2022-02-19,2001,751
2022-02-19,3001,663
2022-02-20,1001,2588
2022-02-20,1002,3859
2022-02-20,1003,3220
2022-02-20,1004,1398
2022-02-20,2001,684
2022-02-20,3001,864
2022-02-21,1001,1763
2022-02-21,1002,3713
2022-02-21,1003,2061
2022-02-21,1004,1008
2022-02-21,2001,342
2022-02-21,3001,938
2022-02-22,1001,1342
2022-02-22,1002,2666
2022-02-22,1003,1907
2022-02-22,1004,585
2022-02-22,2001,381
2022-02-22,3001,784
2022-02-23,1001,1812
2022-02-23,1002,2162
2022-02-23,1003,1897
2022-02-23,1004,660
2022-02-23,2001,535
2022-02-23,3001,882
2022-02-24,1001,1702
2022-02-24,1002,2543
2022-02-24,1003,1913
2022-02-24,1004,659
2022-02-24,2001,378
2022-02-24,3001,1129
2022-02-25,1001,1683
2022-02-25,1002,2366
2022-02-25,1003,2268
2022-02-25,1004,631
2022-02-25,2001,685
2022-02-25,3001,807
2022-02-26,1001,2435
2022-02-26,1002,3062
2022-02-26,1003,2259
2022-02-26,1004,829
2022-02-26,2001,621
2022-02-26,3001,1094
2022-02-27,1001,3082
2022-02-27,1002,3283
2022-02-27,1003,3449
2022-02-27,1004,912
2022-02-27,2001,997
2022-02-27,3001,1435
2022-02-28,1001,2114
2022-02-28,1002,3160
2022-02-28,1003,2352
2022-02-28,1004,1070
2022-02-28,2001,745
2022-02-28,3001,1243
2022-03-01,1001,2238
2022-03-01,1002,2827
2022-03-01,1003,2520
2022-03-01,1004,650
2022-03-01,2001,1026
2022-03-01,3001,1190
2022-03-02,1001,1845
2022-03-02,1002,2798
2022-03-02,1003,1983
2022-03-02,1004,559
2022-03-02,2001,701
2022-03-02,3001,1188
2022-03-03,1001,1691
2022-03-03,1002,2751
2022-03-03,1003,1926
2022-03-03,1004,462
2022-03-03,2001,721
2022-03-03,3001,1129
2022-03-04,1001,1813
2022-03-04,1002,2214
2022-03-04,1003,2274
2022-03-04,1004,518
2022-03-04,2001,648
2022-03-04,3001,1160
2022-03-05,1001,2324
2022-03-05,1002,3101
2022-03-05,1003,2674
2022-03-05,1004,698
2022-03-05,2001,766
2022-03-05,3001,1272
2022-03-06,1001,2747
2022-03-06,1002,3723
2022-03-06,1003,2980
2022-03-06,1004,787
2022-03-06,2001,1050
2022-03-06,3001,1537
2022-03-07,1001,1951
2022-03-07,1002,3078
2022-03-07,1003,2266
2022-03-07,1004,765
2022-03-07,2001,849
2022-03-07,3001,1203
2022-03-08,1001,1749
2022-03-08,1002,2099
2022-03-08,1003,2046
2022-03-08,1004,507
2022-03-08,2001,559
2022-03-08,3001,879
2022-03-09,1001,1966
2022-03-09,1002,2512
2022-03-09,1003,1953
2022-03-09,1004,1386
2022-03-09,2001,852
2022-03-09,3001,1127
2022-03-10,1001,1885
2022-03-10,1002,2590
2022-03-10,1003,2127
2022-03-10,1004,1154
2022-03-10,2001,904
2022-03-10,3001,1358
2022-03-11,1001,2525
2022-03-11,1002,2883
2022-03-11,1003,2779
2022-03-11,1004,1318
2022-03-11,2001,938
2022-03-11,3001,1413
2022-03-12,1001,2643
2022-03-12,1002,3188
2022-03-12,1003,2791
2022-03-12,1004,1799
2022-03-12,2001,977
2022-03-12,3001,1288
2022-03-13,1001,3334
2022-03-13,1002,3419
2022-03-13,1003,3423
2022-03-13,1004,2179
2022-03-13,2001,1294
2022-03-13,3001,1316
2022-03-14,1001,2300
2022-03-14,1002,2340
2022-03-14,1003,2463
2022-03-14,1004,1500
2022-03-14,2001,852
2022-03-14,3001,1473
2022-03-15,1001,1683
2022-03-15,1002,2546
2022-03-15,1003,2273
2022-03-15,1004,1356
2022-03-15,2001,927
2022-03-15,3001,1565
2022-03-16,1001,2247
2022-03-16,1002,2811
2022-03-16,1003,2377
2022-03-16,1004,1363
2022-03-16,2001,954
2022-03-16,3001,1601
2022-03-17,1001,1992
2022-03-17,1002,2449
2022-03-17,1003,2586
2022-03-17,1004,1445
2022-03-17,2001,818
2022-03-17,3001,1250
2022-03-18,1001,2326
2022-03-18,1002,2590
2022-03-18,1003,2869
2022-03-18,1004,1503
2022-03-18,2001,925
2022-03-18,3001,1410
2022-03-19,1001,2521
2022-03-19,1002,2967
2022-03-19,1003,3249
2022-03-19,1004,1574
2022-03-19,2001,1072
2022-03-19,3001,1418
2022-03-20,1001,3959
2022-03-20,1002,4177
2022-03-20,1003,4260
2022-03-20,1004,2440
2022-03-20,2001,1462
2022-03-20,3001,1843
2022-03-21,1001,2636
2022-03-21,1002,2675
2022-03-21,1003,3157
2022-03-21,1004,1791
2022-03-21,2001,845
2022-03-21,3001,1474
2022-03-22,1001,2239
2022-03-22,1002,2433
2022-03-22,1003,2406
2022-03-22,1004,1578
2022-03-22,2001,743
2022-03-22,3001,1495
2022-03-23,1001,2367
2022-03-23,1002,2483
2022-03-23,1003,2577
2022-03-23,1004,1438
2022-03-23,2001,932
2022-03-23,3001,1564
2022-03-24,1001,2158
2022-03-24,1002,2763
2022-03-24,1003,2354
2022-03-24,1004,1846
2022-03-24,2001,887
2022-03-24,3001,1689
2022-03-25,1001,2106
2022-03-25,1002,3007
2022-03-25,1003,2991
2022-03-25,1004,1793
2022-03-25,2001,870
2022-03-25,3001,1329
2022-03-26,1001,2781
2022-03-26,1002,2496
2022-03-26,1003,3493
2022-03-26,1004,1603
2022-03-26,2001,1003
2022-03-26,3001,1327
2022-03-27,1001,3429
2022-03-27,1002,3318
2022-03-27,1003,4122
2022-03-27,1004,2289
2022-03-27,2001,1385
2022-03-27,3001,1565
2022-03-28,1001,2411
2022-03-28,1002,2638
2022-03-28,1003,3279
2022-03-28,1004,1686
2022-03-28,2001,901
2022-03-28,3001,1784
2022-03-29,1001,2304
2022-03-29,1002,2920
2022-03-29,1003,2752
2022-03-29,1004,2016
2022-03-29,2001,893
2022-03-29,3001,1712
2022-03-30,1001,2382
2022-03-30,1002,2418
2022-03-30,1003,2725
2022-03-30,1004,1708
2022-03-30,2001,819
2022-03-30,3001,1749
2022-03-30,7001,1
2022-03-31,1001,2071
2022-03-31,1002,2411
2022-03-31,1003,2527
2022-03-31,1004,1924
2022-03-31,2001,980
2022-03-31,3001,1610
2022-03-31,7001,5
2022-04-01,1001,2456
2022-04-01,1002,2549
2022-04-01,1003,3032
2022-04-01,1004,1477
2022-04-01,2001,1054
2022-04-01,3001,1539
2022-04-01,7001,17
2022-04-02,1001,2657
2022-04-02,1002,3217
2022-04-02,1003,3596
2022-04-02,1004,1850
2022-04-02,2001,1236
2022-04-02,3001,2166
2022-04-02,7001,93
2022-04-03,1001,3124
2022-04-03,1002,2439
2022-04-03,1003,3953
2022-04-03,1004,2287
2022-04-03,2001,1124
2022-04-03,3001,2004
2022-04-04,1001,2624
2022-04-04,1002,3918
2022-04-04,1003,3220
2022-04-04,1004,1978
2022-04-04,2001,1118
2022-04-04,3001,2232
2022-04-05,1001,1938
2022-04-05,1002,2728
2022-04-05,1003,2382
2022-04-05,1004,1660
2022-04-05,2001,929
2022-04-05,3001,1614
2022-04-05,7001,327
2022-04-05,7002,1
2022-04-06,1001,2131
2022-04-06,1002,2837
2022-04-06,1003,2492
2022-04-06,1004,1755
2022-04-06,2001,919
2022-04-06,3001,1917
2022-04-06,7001,68
2022-04-06,7002,3
2022-04-07,1001,2227
2022-04-07,1002,2883
2022-04-07,1003,2261
2022-04-07,1004,1918
2022-04-07,2001,965
2022-04-07,3001,1902
2022-04-07,3002,2
2022-04-07,7001,101
2022-04-08,1001,2440
2022-04-08,1002,3023
2022-04-08,1003,2995
2022-04-08,1004,1558
2022-04-08,2001,1210
2022-04-08,3001,1664
2022-04-08,3002,95
2022-04-08,7001,115
2022-04-08,7002,231
2022-04-09,1001,2615
2022-04-09,1002,3012
2022-04-09,1003,3313
2022-04-09,1004,1786
2022-04-09,2001,1074
2022-04-09,3001,1912
2022-04-09,3002,255
2022-04-09,7001,228
2022-04-09,7002,346
2022-04-10,1001,3055
2022-04-10,1002,4022
2022-04-10,1003,3952
2022-04-10,1004,2419
2022-04-10,2001,1247
2022-04-10,3001,2040
2022-04-10,3002,130
2022-04-11,1001,2399
2022-04-11,1002,2802
2022-04-11,1003,2758
2022-04-11,1004,2229
2022-04-11,1012,5
2022-04-11,2001,996
2022-04-11,3001,1901
2022-04-11,3002,104
2022-04-11,7001,384
2022-04-11,7002,101
2022-04-12,1001,2003
2022-04-12,1002,2401
2022-04-12,1003,2445
2022-04-12,1004,1906
2022-04-12,2001,967
2022-04-12,3001,1418
2022-04-12,3002,194
2022-04-12,7001,379
2022-04-12,7002,18
2022-04-13,1001,1930
2022-04-13,1002,2548
2022-04-13,1003,2302
2022-04-13,1004,2002
2022-04-13,1012,53
2022-04-13,2001,784
2022-04-13,3001,1643
2022-04-13,3002,156
2022-04-13,7001,543
2022-04-13,7002,279
2022-04-14,1001,1879
2022-04-14,1002,2918
2022-04-14,1003,2293
2022-04-14,1004,2176
2022-04-14,1012,94
2022-04-14,2001,1410
2022-04-14,3001,1328
2022-04-14,3002,156
2022-04-14,7001,304
2022-04-14,7002,187
2022-04-15,1001,2379
2022-04-15,1002,2845
2022-04-15,1003,2849
2022-04-15,1004,2917
2022-04-15,1012,172
2022-04-15,2001,1360
2022-04-15,3001,1276
2022-04-15,3002,165
2022-04-15,7001,365
2022-04-15,7002,680
2022-04-16,1001,2233
2022-04-16,1002,2145
2022-04-16,1003,2663
2022-04-16,1004,2494
2022-04-16,1012,140
2022-04-16,2001,1204
2022-04-16,3001,1323
2022-04-16,3002,133
2022-04-16,7001,230
2022-04-17,1001,2883
2022-04-17,1002,3488
2022-04-17,1003,3673
2022-04-17,1004,3294
2022-04-17,1012,414
2022-04-17,2001,1468
2022-04-17,3001,1868
2022-04-17,3002,238
2022-04-17,7001,350
2022-04-18,1001,2879
2022-04-18,1002,3238
2022-04-18,1003,3734
2022-04-18,1004,2876
2022-04-18,1012,393
2022-04-18,2001,1707
2022-04-18,3001,1617
2022-04-18,3002,258
2022-04-18,7001,357
2022-04-19,1001,2243
2022-04-19,1002,3242
2022-04-19,1003,2830
2022-04-19,1004,2396
2022-04-19,1012,177
2022-04-19,2001,1262
2022-04-19,3001,1507
2022-04-19,3002,277
2022-04-19,7001,351
2022-04-19,7002,220
2022-04-20,1001,1776
2022-04-20,1002,2747
2022-04-20,1003,2287
2022-04-20,1004,2223
2022-04-20,1012,396
2022-04-20,2001,1037
2022-04-20,3001,1503
2022-04-20,3002,328
2022-04-20,7001,217
2022-04-20,7002,74
2022-04-21,1001,2025
2022-04-21,1002,2155
2022-04-21,1003,2306
2022-04-21,1004,2230
2022-04-21,1005,2
2022-04-21,1012,333
2022-04-21,2001,816
2022-04-21,3001,1416
2022-04-21,3002,232
2022-04-21,7001,167
2022-04-21,7002,60
2022-04-22,1001,2079
2022-04-22,1002,2392
2022-04-22,1003,2472
2022-04-22,1004,2061
2022-04-22,1005,291
2022-04-22,1007,1
2022-04-22,1012,466
2022-04-22,2001,1273
2022-04-22,3001,1411
2022-04-22,3002,253
2022-04-22,7001,236
2022-04-22,7002,77
2022-04-23,1001,1995
2022-04-23,1002,2379
2022-04-23,1003,2190
2022-04-23,1004,2231
2022-04-23,1005,468
2022-04-23,1012,388
2022-04-23,2001,1217
2022-04-23,3001,1596
2022-04-23,3002,338
2022-04-23,7001,448
2022-04-23,7002,55
2022-04-24,1001,2978
2022-04-24,1002,3407
2022-04-24,1003,3556
2022-04-24,1004,3207
2022-04-24,1005,388
2022-04-24,1012,577
2022-04-24,2001,1499
2022-04-24,3001,1443
2022-04-24,3002,417
2022-04-24,7001,386
2022-04-24,7002,181
2022-04-25,1001,2364
2022-04-25,1002,2866
2022-04-25,1003,3005
2022-04-25,1004,2572
2022-04-25,1005,394
2022-04-25,1007,124
2022-04-25,1012,433
2022-04-25,2001,1110
2022-04-25,3001,2114
2022-04-25,3002,442
2022-04-25,7001,192
2022-04-25,7002,163
2022-04-26,1001,1819
2022-04-26,1002,2325
2022-04-26,1003,2509
2022-04-26,1004,2223
2022-04-26,1005,373
2022-04-26,1007,332
2022-04-26,1012,610
2022-04-26,2001,878
2022-04-26,3001,1995
2022-04-26,3002,415
2022-04-26,7001,234
2022-04-26,7002,147
2022-04-27,1001,1927
2022-04-27,1002,2313
2022-04-27,1003,2293
2022-04-27,1004,2419
2022-04-27,1005,382
2022-04-27,1007,179
2022-04-27,1012,430
2022-04-27,2001,967
2022-04-27,3001,1784
2022-04-27,3002,413
2022-04-27,7001,268
2022-04-27,7002,106
2022-04-28,1001,2172
2022-04-28,1002,2449
2022-04-28,1003,2269
2022-04-28,1004,2447
2022-04-28,1005,506
2022-04-28,1007,163
2022-04-28,1012,283
2022-04-28,2001,1118
2022-04-28,3001,1581
2022-04-28,3002,297
2022-04-28,7001,255
2022-04-28,7002,121
2022-04-28,8001,17
2022-04-29,1001,2906
2022-04-29,1002,2767
2022-04-29,1003,3289
2022-04-29,1004,2353
2022-04-29,1005,906
2022-04-29,1007,294
2022-04-29,1012,767
2022-04-29,2001,1276
2022-04-29,3001,1610
2022-04-29,3002,382
2022-04-29,7001,187
2022-04-29,7002,171
2022-04-29,8001,45
2022-04-30,1001,3052
2022-04-30,1002,2752
2022-04-30,1003,3044
2022-04-30,1004,2820
2022-04-30,1005,843
2022-04-30,1007,406
2022-04-30,1012,683
2022-04-30,2001,1087
2022-04-30,3001,1670
2022-04-30,3002,440
2022-04-30,7001,298
2022-04-30,7002,195
2022-04-30,8001,40
2022-05-01,1001,3062
2022-05-01,1002,3591
2022-05-01,1003,4377
2022-05-01,1004,3560
2022-05-01,1005,1205
2022-05-01,1007,384
2022-05-01,1012,1108
2022-05-01,2001,1639
2022-05-01,3001,2791
2022-05-01,3002,856
2022-05-01,7001,1
2022-05-01,8001,58
2022-05-02,1001,3311
2022-05-02,1002,3766
2022-05-02,1003,4110
2022-05-02,1004,2955
2022-05-02,1005,1547
2022-05-02,1007,402
2022-05-02,1012,755
2022-05-02,2001,1449
2022-05-02,3001,2163
2022-05-02,3002,446
2022-05-02,7001,346
2022-05-02,7002,182
2022-05-02,8001,47
2022-05-03,1001,2569
2022-05-03,1002,2983
2022-05-03,1003,3263
2022-05-03,1004,2427
2022-05-03,1005,778
2022-05-03,1007,427
2022-05-03,1012,523
2022-05-03,2001,1375
2022-05-03,3001,1996
2022-05-03,3002,374
2022-05-03,7001,355
2022-05-03,7002,156
2022-05-03,8001,22
2022-05-04,1001,2292
2022-05-04,1002,2974
2022-05-04,1003,2550
2022-05-04,1004,2736
2022-05-04,1005,955
2022-05-04,1007,513
2022-05-04,1012,637
2022-05-04,2001,1047
2022-05-04,3001,1742
2022-05-04,3002,632
2022-05-04,7001,373
2022-05-04,7002,158
2022-05-04,8001,19
2022-05-05,1001,2238
2022-05-05,1002,2472
2022-05-05,1003,2636
2022-05-05,1004,2372
2022-05-05,1005,718
2022-05-05,1007,288
2022-05-05,1012,411
2022-05-05,2001,973
2022-05-05,3001,1994
2022-05-05,3002,440
2022-05-05,7001,343
2022-05-05,7002,164
2022-05-05,8001,24
2022-05-06,1001,2268
2022-05-06,1002,2941
2022-05-06,1003,2819
2022-05-06,1004,2509
2022-05-06,1005,1374
2022-05-06,1007,241
2022-05-06,1012,653
2022-05-06,2001,1196
2022-05-06,3001,2445
2022-05-06,3002,408
2022-05-06,7001,384
2022-05-06,7002,159
2022-05-06,8001,62
2022-05-07,1001,3017
2022-05-07,1002,2912
2022-05-07,1003,3822
2022-05-07,1004,2693
2022-05-07,1005,1506
2022-05-07,1007,588
2022-05-07,1012,704
2022-05-07,2001,1629
2022-05-07,3001,1879
2022-05-07,3002,626
2022-05-07,7001,469
2022-05-07,7002,248
2022-05-07,8001,102
2022-05-08,1001,3596
2022-05-08,1002,3795
2022-05-08,1003,4592
2022-05-08,1004,3882
2022-05-08,1005,1412
2022-05-08,1007,440
2022-05-08,1012,1065
2022-05-08,2001,1472
2022-05-08,3001,1957
2022-05-08,3002,714
2022-05-08,7001,596
2022-05-08,7002,339
2022-05-08,8001,50
2022-05-09,1001,2709
2022-05-09,1002,3305
2022-05-09,1003,3273
2022-05-09,1004,3000
2022-05-09,1005,1195
2022-05-09,1007,536
2022-05-09,1012,705
2022-05-09,2001,1226
2022-05-09,3001,2180
2022-05-09,3002,606
2022-05-09,7001,255
2022-05-09,7002,163
2022-05-09,8001,22
2022-05-10,1001,2677
2022-05-10,1002,3081
2022-05-10,1003,2575
2022-05-10,1004,2723
2022-05-10,1005,1255
2022-05-10,1007,504
2022-05-10,1012,851
2022-05-10,2001,1484
2022-05-10,3001,1728
2022-05-10,3002,663
2022-05-10,7001,290
2022-05-10,7002,243
2022-05-10,8001,49
2022-05-11,1001,2583
2022-05-11,1002,2740
2022-05-11,1003,2765
2022-05-11,1004,2832
2022-05-11,1005,1205
2022-05-11,1006,247
2022-05-11,1007,496
2022-05-11,1012,1387
2022-05-11,2001,1734
2022-05-11,3001,2258
2022-05-11,3002,850
2022-05-11,7001,373
2022-05-11,7002,163
2022-05-11,8001,40
2022-05-12,1001,2501
2022-05-12,1002,2580
2022-05-12,1003,2863
2022-05-12,1004,2336
2022-05-12,1005,1180
2022-05-12,1006,104
2022-05-12,1007,453
2022-05-12,1012,1081
2022-05-12,2001,1307
2022-05-12,3001,1956
2022-05-12,3002,590
2022-05-12,7001,349
2022-05-12,7002,130
2022-05-12,8001,42
2022-05-13,1001,2436
2022-05-13,1002,3012
2022-05-13,1003,2920
2022-05-13,1004,2785
2022-05-13,1005,1316
2022-05-13,1006,142
2022-05-13,1007,601
2022-05-13,1012,1169
2022-05-13,2001,1878
2022-05-13,3001,1995
2022-05-13,3002,678
2022-05-13,7001,288
2022-05-13,7002,161
2022-05-13,8001,65
2022-05-14,1001,2920
2022-05-14,1002,3687
2022-05-14,1003,3728
2022-05-14,1004,2768
2022-05-14,1005,1647
2022-05-14,1006,234
2022-05-14,1007,562
2022-05-14,1012,1460
2022-05-14,2001,2220
2022-05-14,3001,1879
2022-05-14,3002,744
2022-05-14,7001,515
2022-05-14,7002,159
2022-05-14,8001,69
2022-05-15,1001,4080
2022-05-15,1002,4401
2022-05-15,1003,4598
2022-05-15,1004,3811
2022-05-15,1005,2519
2022-05-15,1006,398
2022-05-15,1007,808
2022-05-15,1012,2478
2022-05-15,2001,2930
2022-05-15,3001,2215
2022-05-15,3002,844
2022-05-15,7001,772
2022-05-15,7002,268
2022-05-15,8001,66
2022-05-16,1001,2575
2022-05-16,1002,3135
2022-05-16,1003,3363
2022-05-16,1004,3233
2022-05-16,1005,1543
2022-05-16,1006,202
2022-05-16,1007,515
2022-05-16,1012,1351
2022-05-16,2001,1602
2022-05-16,3001,2249
2022-05-16,3002,777
2022-05-16,7001,320
2022-05-16,7002,197
2022-05-16,8001,30
2022-05-17,1001,2608
2022-05-17,1002,3030
2022-05-17,1003,2763
2022-05-17,1004,2914
2022-05-17,1005,1171
2022-05-17,1006,191
2022-05-17,1007,470
2022-05-17,1012,1158
2022-05-17,2001,1741
2022-05-17,3001,2158
2022-05-17,3002,702
2022-05-17,7001,362
2022-05-17,7002,97
2022-05-17,8001,66
2022-05-18,1001,2263
2022-05-18,1002,3464
2022-05-18,1003,2976
2022-05-18,1004,2605
2022-05-18,1005,1171
2022-05-18,1006,291
2022-05-18,1007,485
2022-05-18,1012,1117
2022-05-18,2001,1677
2022-05-18,3001,2170
2022-05-18,3002,795
2022-05-18,7001,425
2022-05-18,7002,133
2022-05-18,8001,29
2022-05-19,1001,2407
2022-05-19,1002,2948
2022-05-19,1003,2614
2022-05-19,1004,2344
2022-05-19,1005,1305
2022-05-19,1006,336
2022-05-19,1007,499
2022-05-19,1012,1177
2022-05-19,2001,1927
2022-05-19,3001,1649
2022-05-19,3002,769
2022-05-19,7001,352
2022-05-19,7002,164
2022-05-19,8001,57
2022-05-20,1001,3029
2022-05-20,1002,3577
2022-05-20,1003,3379
2022-05-20,1004,3382
2022-05-20,1005,1729
2022-05-20,1006,226
2022-05-20,1007,696
2022-05-20,1012,1809
2022-05-20,2001,2548
2022-05-20,3001,1789
2022-05-20,3002,520
2022-05-20,7001,466
2022-05-20,7002,182
2022-05-20,8001,74
2022-05-20,9001,16
2022-05-21,1001,3110
2022-05-21,1002,3148
2022-05-21,1003,3803
2022-05-21,1004,3336
2022-05-21,1005,1653
2022-05-21,1006,435
2022-05-21,1007,657
2022-05-21,1012,1809
2022-05-21,2001,2405
2022-05-21,3001,2117
2022-05-21,3002,783
2022-05-21,7001,386
2022-05-21,7002,154
2022-05-21,8001,80
2022-05-22,1001,3882
2022-05-22,1002,4558
2022-05-22,1003,5144
2022-05-22,1004,3748
2022-05-22,1005,1974
2022-05-22,1006,546
2022-05-22,1007,907
2022-05-22,1012,2436
2022-05-22,2001,2432
2022-05-22,3001,2193
2022-05-22,3002,1025
2022-05-22,7001,552
2022-05-22,7002,272
2022-05-22,8001,80
2022-05-23,1001,2775
2022-05-23,1002,3298
2022-05-23,1003,3953
2022-05-23,1004,3105
2022-05-23,1005,1680
2022-05-23,1006,457
2022-05-23,1007,500
2022-05-23,1010,165
2022-05-23,1012,1689
2022-05-23,2001,1932
2022-05-23,3001,2131
2022-05-23,3002,870
2022-05-23,7001,366
2022-05-23,7002,140
2022-05-23,8001,56
2022-05-24,1001,2356
2022-05-24,1002,3147
2022-05-24,1003,3042
2022-05-24,1004,2476
2022-05-24,1005,2297
2022-05-24,1006,392
2022-05-24,1007,946
2022-05-24,1010,150
2022-05-24,1012,1473
2022-05-24,2001,1800
2022-05-24,3001,2065
2022-05-24,3002,708
2022-05-24,7001,239
2022-05-24,7002,60
2022-05-24,8001,49
2022-05-25,1001,2528
2022-05-25,1002,2972
2022-05-25,1003,2964
2022-05-25,1004,2985
2022-05-25,1005,2365
2022-05-25,1006,328
2022-05-25,1007,869
2022-05-25,1010,119
2022-05-25,1012,1511
2022-05-25,2001,1867
2022-05-25,3001,2051
2022-05-25,3002,1020
2022-05-25,7001,337
2022-05-25,7002,245
2022-05-25,8001,10
2022-05-26,1001,2393
2022-05-26,1002,2702
2022-05-26,1003,2728
2022-05-26,1004,2673
2022-05-26,1005,1908
2022-05-26,1006,796
2022-05-26,1007,1035
2022-05-26,1010,211
2022-05-26,1012,1124
2022-05-26,2001,1656
2022-05-26,3001,1818
2022-05-26,3002,648
2022-05-26,4001,7
2022-05-26,7001,488
2022-05-26,7002,295
2022-05-26,8001,83
2022-05-27,1001,2924
2022-05-27,1002,3008
2022-05-27,1003,3191
2022-05-27,1004,2846
2022-05-27,1005,2153
2022-05-27,1006,543
2022-05-27,1007,973
2022-05-27,1010,149
2022-05-27,1012,1772
2022-05-27,2001,2137
2022-05-27,3001,1903
2022-05-27,3002,644
2022-05-27,4001,117
2022-05-27,7001,342
2022-05-27,7002,131
2022-05-27,8001,48
2022-05-28,1001,3354
2022-05-28,1002,3741
2022-05-28,1003,3700
2022-05-28,1004,2787
2022-05-28,1005,3009
2022-05-28,1006,657
2022-05-28,1007,975
2022-05-28,1010,323
2022-05-28,1012,1561
2022-05-28,2001,2341
2022-05-28,3001,1800
2022-05-28,3002,577
2022-05-28,4001,64
2022-05-28,7001,381
2022-05-28,7002,159
2022-05-28,8001,89
2022-05-29,1001,3809
2022-05-29,1002,4230
2022-05-29,1003,4823
2022-05-29,1004,3829
2022-05-29,1005,3774
2022-05-29,1006,824
2022-05-29,1007,1338
2022-05-29,1010,272
2022-05-29,1012,2003
2022-05-29,2001,3140
2022-05-29,3001,2086
2022-05-29,3002,960
2022-05-29,4001,65
2022-05-29,7001,627
2022-05-29,7002,198
2022-05-29,8001,108
2022-05-30,1001,2947
2022-05-30,1002,3303
2022-05-30,1003,3669
2022-05-30,1004,3441
2022-05-30,1005,2719
2022-05-30,1006,602
2022-05-30,1007,858
2022-05-30,1010,362
2022-05-30,1012,1764
2022-05-30,2001,2333
2022-05-30,3001,2061
2022-05-30,3002,729
2022-05-30,4001,27
2022-05-30,7001,326
2022-05-30,7002,212
2022-05-30,8001,45
2022-05-31,1001,2687
2022-05-31,1002,3359
2022-05-31,1003,3127
2022-05-31,1004,2999
2022-05-31,1005,2713
2022-05-31,1006,431
2022-05-31,1007,1056
2022-05-31,1010,339
2022-05-31,1012,1816
2022-05-31,2001,2054
2022-05-31,3001,1870
2022-05-31,3002,577
2022-05-31,4001,93
2022-05-31,7001,200
2022-05-31,7002,140
2022-05-31,8001,39
2022-06-01,1001,2672
2022-06-01,1002,2758
2022-06-01,1003,2884
2022-06-01,1004,2639
2022-06-01,1005,2812
2022-06-01,1006,502
2022-06-01,1007,1099
2022-06-01,1010,412
2022-06-01,1012,1271
2022-06-01,2001,2002
2022-06-01,3001,1576
2022-06-01,3002,705
2022-06-01,4001,36
2022-06-01,7001,405
2022-06-01,7002,260
2022-06-01,8001,38
2022-06-02,1001,2971
2022-06-02,1002,3449
2022-06-02,1003,3289
2022-06-02,1004,2753
2022-06-02,1005,2908
2022-06-02,1006,530
2022-06-02,1007,987
2022-06-02,1010,449
2022-06-02,1012,1860
2022-06-02,2001,2401
2022-06-02,3001,1619
2022-06-02,3002,620
2022-06-02,4001,51
2022-06-02,7001,440
2022-06-02,7002,304
2022-06-02,8001,67
2022-06-03,1001,2930
2022-06-03,1002,3070
2022-06-03,1003,3350
2022-06-03,1004,3216
2022-06-03,1005,2974
2022-06-03,1006,736
2022-06-03,1007,1010
2022-06-03,1010,337
2022-06-03,1012,1334
2022-06-03,2001,2310
2022-06-03,3001,1418
2022-06-03,3002,370
2022-06-03,4001,66
2022-06-03,7001,662
2022-06-03,7002,242
2022-06-03,8001,34
2022-06-04,1001,2955
2022-06-04,1002,3746
2022-06-04,1003,3459
2022-06-04,1004,2728
2022-06-04,1005,2553
2022-06-04,1006,765
2022-06-04,1007,1079
2022-06-04,1010,473
2022-06-04,1012,1653
2022-06-04,2001,2246
2022-06-04,3001,1375
2022-06-04,3002,632
2022-06-04,4001,80
2022-06-04,7001,806
2022-06-04,7002,158
2022-06-04,8001,24
2022-06-05,1001,3967
2022-06-05,1002,4373
2022-06-05,1003,4857
2022-06-05,1004,3443
2022-06-05,1005,4054
2022-06-05,1006,1161
2022-06-05,1007,1328
2022-06-05,1010,453
2022-06-05,1012,2476
2022-06-05,2001,2700
2022-06-05,3001,2121
2022-06-05,3002,585
2022-06-05,4001,85
2022-06-05,7001,1067
2022-06-05,7002,380
2022-06-05,8001,96
2022-06-06,1001,2888
2022-06-06,1002,3522
2022-06-06,1003,3799
2022-06-06,1004,2741
2022-06-06,1005,3204
2022-06-06,1006,465
2022-06-06,1007,1013
2022-06-06,1010,374
2022-06-06,1012,1913
2022-06-06,2001,2169
2022-06-06,3001,2439
2022-06-06,3002,748
2022-06-06,4001,58
2022-06-06,7001,710
2022-06-06,7002,290
2022-06-06,8001,130
2022-06-07,1001,2630
2022-06-07,1002,3092
2022-06-07,1003,2773
2022-06-07,1004,2662
2022-06-07,1005,2862
2022-06-07,1006,481
2022-06-07,1007,1065
2022-06-07,1010,368
2022-06-07,1012,1502
2022-06-07,2001,1755
2022-06-07,3001,1875
2022-06-07,3002,578
2022-06-07,4001,38
2022-06-07,7001,770
2022-06-07,7002,188
2022-06-07,8001,4
2022-06-08,1001,2393
2022-06-08,1002,3051
2022-06-08,1003,2837
2022-06-08,1004,2288
2022-06-08,1005,2634
2022-06-08,1006,445
2022-06-08,1007,1114
2022-06-08,1010,428
2022-06-08,1012,1457
2022-06-08,2001,1808
2022-06-08,3001,1908
2022-06-08,3002,668
2022-06-08,4001,63
2022-06-08,7001,727
2022-06-08,7002,169
2022-06-08,8001,21
2022-06-09,1001,2472
2022-06-09,1002,2790
2022-06-09,1003,3149
2022-06-09,1004,2153
2022-06-09,1005,2594
2022-06-09,1006,308
2022-06-09,1007,1029
2022-06-09,1010,428
2022-06-09,1012,1439
2022-06-09,2001,1741
2022-06-09,3001,1732
2022-06-09,3002,715
2022-06-09,4001,57
2022-06-09,7001,424
2022-06-09,7002,215
2022-06-09,8001,39
2022-06-10,1001,2537
2022-06-10,1002,3009
2022-06-10,1003,2978
2022-06-10,1004,2552
2022-06-10,1005,2676
2022-06-10,1006,486
2022-06-10,1007,948
2022-06-10,1010,327
2022-06-10,1012,1723
2022-06-10,2001,2140
2022-06-10,3001,1776
2022-06-10,3002,834
2022-06-10,4001,45
2022-06-10,7001,311
2022-06-10,7002,196
2022-06-10,8001,46
2022-06-11,1001,2709
2022-06-11,1002,3526
2022-06-11,1003,3236
2022-06-11,1004,2828
2022-06-11,1005,2631
2022-06-11,1006,625
2022-06-11,1007,1167
2022-06-11,1010,419
2022-06-11,1012,2042
2022-06-11,2001,2180
2022-06-11,3001,1578
2022-06-11,3002,709
2022-06-11,4001,94
2022-06-11,7001,1019
2022-06-11,7002,259
2022-06-11,8001,102
2022-06-12,1001,4121
2022-06-12,1002,4440
2022-06-12,1003,4502
2022-06-12,1004,3602
2022-06-12,1005,3761
2022-06-12,1006,893
2022-06-12,1007,1585
2022-06-12,1010,503
2022-06-12,1012,2832
2022-06-12,2001,2822
2022-06-12,3001,2027
2022-06-12,3002,911
2022-06-12,4001,140
2022-06-12,7001,1199
2022-06-12,7002,584
2022-06-12,8001,38
2022-06-13,1001,2640
2022-06-13,1002,3244
2022-06-13,1003,3187
2022-06-13,1004,2625
2022-06-13,1005,2541
2022-06-13,1006,760
2022-06-13,1007,1106
2022-06-13,1010,536
2022-06-13,1012,2035
2022-06-13,2001,1671
2022-06-13,3001,2637
2022-06-13,3002,842
2022-06-13,4001,116
2022-06-13,7001,545
2022-06-13,7002,422
2022-06-13,8001,40
2022-06-14,1001,2493
2022-06-14,1002,3207
2022-06-14,1003,3035
2022-06-14,1004,2841
2022-06-14,1005,2554
2022-06-14,1006,884
2022-06-14,1007,1171
2022-06-14,1010,816
2022-06-14,1012,1323
2022-06-14,2001,1953
2022-06-14,3001,1546
2022-06-14,3002,787
2022-06-14,4001,164
2022-06-14,7001,672
2022-06-14,7002,287
2022-06-14,8001,111
2022-06-15,1001,2410
2022-06-15,1002,3224
2022-06-15,1003,2961
2022-06-15,1004,2488
2022-06-15,1005,2635
2022-06-15,1006,894
2022-06-15,1007,1022
2022-06-15,1010,1098
2022-06-15,1012,1786
2022-06-15,2001,1824
2022-06-15,3001,2087
2022-06-15,3002,701
2022-06-15,4001,52
2022-06-15,7001,873
2022-06-15,7002,277
2022-06-15,8001,69
2022-06-16,1001,2889
2022-06-16,1002,3107
2022-06-16,1003,3061
2022-06-16,1004,2514
2022-06-16,1005,2475
2022-06-16,1006,1041
2022-06-16,1007,1246
2022-06-16,1010,766
2022-06-16,1012,1802
2022-06-16,2001,1757
2022-06-16,3001,2220
2022-06-16,3002,709
2022-06-16,4001,138
2022-06-16,7001,869
2022-06-16,7002,360
2022-06-16,8001,91
2022-06-17,1001,3288
2022-06-17,1002,3551
2022-06-17,1003,3271
2022-06-17,1004,2483
2022-06-17,1005,2270
2022-06-17,1006,1348
2022-06-17,1007,1225
2022-06-17,1010,847
2022-06-17,1012,2083
2022-06-17,2001,2232
2022-06-17,3001,2566
2022-06-17,3002,920
2022-06-17,4001,140
2022-06-17,7001,1006
2022-06-17,7002,386
2022-06-17,8001,116
2022-06-18,1001,3311
2022-06-18,1002,3935
2022-06-18,1003,3539
2022-06-18,1004,2785
2022-06-18,1005,3031
2022-06-18,1006,1427
2022-06-18,1007,1244
2022-06-18,1010,1075
2022-06-18,1012,2147
2022-06-18,2001,2250
2022-06-18,3001,1880
2022-06-18,3002,921
2022-06-18,4001,235
2022-06-18,7001,1269
2022-06-18,7002,323
2022-06-18,8001,129
2022-06-19,1001,3769
2022-06-19,1002,4392
2022-06-19,1003,4343
2022-06-19,1004,3034
2022-06-19,1005,3521
2022-06-19,1006,1540
2022-06-19,1007,1384
2022-06-19,1010,1136
2022-06-19,1012,2773
2022-06-19,2001,2539
2022-06-19,3001,2342
2022-06-19,3002,876
2022-06-19,4001,147
2022-06-19,7001,1500
2022-06-19,7002,515
2022-06-19,8001,144
2022-06-20,1001,2630
2022-06-20,1002,3394
2022-06-20,1003,3237
2022-06-20,1004,2981
2022-06-20,1005,2617
2022-06-20,1006,1146
2022-06-20,1007,1148
2022-06-20,1010,920
2022-06-20,1012,1825
2022-06-20,2001,1864
2022-06-20,3001,2623
2022-06-20,3002,772
2022-06-20,4001,98
2022-06-20,7001,961
2022-06-20,7002,624
2022-06-20,8001,109
2022-06-21,1001,3082
2022-06-21,1002,2909
2022-06-21,1003,3357
2022-06-21,1004,2500
2022-06-21,1005,2260
2022-06-21,1006,1138
2022-06-21,1007,1086
2022-06-21,1010,1007
2022-06-21,1012,1787
2022-06-21,2001,1907
2022-06-21,3001,2039
2022-06-21,3002,864
2022-06-21,4001,144
2022-06-21,7001,784
2022-06-21,7002,475
2022-06-21,8001,100
2022-06-22,1001,2478
2022-06-22,1002,2774
2022-06-22,1003,3016
2022-06-22,1004,2835
2022-06-22,1005,2445
2022-06-22,1006,1023
2022-06-22,1007,1325
2022-06-22,1010,1137
2022-06-22,1012,1997
2022-06-22,12001,3
2022-06-22,2001,1824
2022-06-22,3001,2833
2022-06-22,3002,660
2022-06-22,4001,255
2022-06-22,7001,1144
2022-06-22,7002,684
2022-06-22,8001,96
2022-06-23,1001,2602
2022-06-23,1002,3140
2022-06-23,1003,2884
2022-06-23,1004,2413
2022-06-23,1005,2816
2022-06-23,1006,1265
2022-06-23,1007,1077
2022-06-23,1010,1311
2022-06-23,1012,1947
2022-06-23,2001,2240
2022-06-23,3001,1985
2022-06-23,3002,691
2022-06-23,4001,254
2022-06-23,7001,849
2022-06-23,7002,539
2022-06-23,8001,113
2022-06-24,1001,2714
2022-06-24,1002,2908
2022-06-24,1003,3275
2022-06-24,1004,2388
2022-06-24,1005,2399
2022-06-24,1006,1433
2022-06-24,1007,1512
2022-06-24,1010,1105
2022-06-24,1012,2135
2022-06-24,12001,2
2022-06-24,2001,1958
2022-06-24,3001,1860
2022-06-24,3002,813
2022-06-24,4001,285
2022-06-24,7001,985
2022-06-24,7002,719
2022-06-24,8001,61
2022-06-25,1001,3476
2022-06-25,1002,3637
2022-06-25,1003,3491
2022-06-25,1004,3092
2022-06-25,1005,2973
2022-06-25,1006,2137
2022-06-25,1007,1569
2022-06-25,1010,1324
2022-06-25,1012,2148
2022-06-25,2001,2387
2022-06-25,3001,1978
2022-06-25,3002,766
2022-06-25,4001,215
2022-06-25,7001,1475
2022-06-25,7002,742
2022-06-25,8001,144
2022-06-26,1001,3528
2022-06-26,1002,5003
2022-06-26,1003,4366
2022-06-26,1004,3438
2022-06-26,1005,3806
2022-06-26,1006,1876
2022-06-26,1007,1692
2022-06-26,1010,1519
2022-06-26,1012,2515
2022-06-26,2001,2857
2022-06-26,3001,2426
2022-06-26,3002,1033
2022-06-26,4001,211
2022-06-26,7001,1500
2022-06-26,7002,883
2022-06-26,8001,160
2022-06-27,1001,3138
2022-06-27,1002,3652
2022-06-27,1003,3620
2022-06-27,1004,2958
2022-06-27,1005,2882
2022-06-27,1006,1486
2022-06-27,1007,1358
2022-06-27,1010,977
2022-06-27,1012,2358
2022-06-27,2001,2095
2022-06-27,3001,3213
2022-06-27,3002,1031
2022-06-27,4001,188
2022-06-27,7001,1315
2022-06-27,7002,597
2022-06-27,8001,92
2022-06-28,1001,2694
2022-06-28,1002,3264
2022-06-28,1003,2850
2022-06-28,1004,3031
2022-06-28,1005,2929
2022-06-28,1006,1472
2022-06-28,1007,1278
2022-06-28,1010,1099
2022-06-28,1012,1553
2022-06-28,12001,3
2022-06-28,2001,1955
2022-06-28,3001,2555
2022-06-28,3002,904
2022-06-28,4001,134
2022-06-28,7001,1686
2022-06-28,7002,702
2022-06-28,8001,91
2022-06-29,1001,2813
2022-06-29,1002,3470
2022-06-29,1003,3394
2022-06-29,1004,2740
2022-06-29,1005,2754
2022-06-29,1006,1634
2022-06-29,1007,1161
2022-06-29,1010,707
2022-06-29,1012,1791
2022-06-29,12001,1
2022-06-29,2001,1964
2022-06-29,3001,2169
2022-06-29,3002,931
2022-06-29,4001,194
2022-06-29,7001,1545
2022-06-29,7002,651
2022-06-29,8001,80
2022-06-30,1001,2890
2022-06-30,1002,2993
2022-06-30,1003,3230
2022-06-30,1004,2468
2022-06-30,1005,2812
2022-06-30,1006,1181
2022-06-30,1007,1180
2022-06-30,1010,1075
2022-06-30,1012,1934
2022-06-30,12001,23
2022-06-30,2001,2360
2022-06-30,3001,1965
2022-06-30,3002,816
2022-06-30,4001,134
2022-06-30,7001,1211
2022-06-30,7002,553
2022-06-30,8001,85
2022-07-01,1001,3215
2022-07-01,1002,3563
2022-07-01,1003,3554
2022-07-01,1004,2906
2022-07-01,1005,2960
2022-07-01,1006,1322
2022-07-01,1007,1375
2022-07-01,1010,1027
2022-07-01,1012,2244
2022-07-01,12001,146
2022-07-01,2001,2658
2022-07-01,3001,2186
2022-07-01,3002,814
2022-07-01,4001,177
2022-07-01,7001,1508
2022-07-01,7002,875
2022-07-01,8001,109
2022-07-02,1001,3322
2022-07-02,1002,3790
2022-07-02,1003,3819
2022-07-02,1004,3036
2022-07-02,1005,2909
2022-07-02,1006,1762
2022-07-02,1007,1296
2022-07-02,1010,1273
2022-07-02,1012,2183
2022-07-02,12001,107
2022-07-02,2001,2307
2022-07-02,3001,2099
2022-07-02,3002,1030
2022-07-02,4001,195
2022-07-02,7001,1991
2022-07-02,7002,960
2022-07-02,8001,138
2022-07-03,1001,4045
2022-07-03,1002,4712
2022-07-03,1003,4858
2022-07-03,1004,3842
2022-07-03,1005,4782
2022-07-03,1006,1871
2022-07-03,1007,1485
2022-07-03,1010,1391
2022-07-03,1012,2931
2022-07-03,12001,79
2022-07-03,2001,2781
2022-07-03,3001,2417
2022-07-03,3002,1035
2022-07-03,4001,266
2022-07-03,7001,2341
2022-07-03,7002,1508
2022-07-03,8001,215
2022-07-04,1001,2944
2022-07-04,1002,3799
2022-07-04,1003,3392
2022-07-04,1004,2552
2022-07-04,1005,2826
2022-07-04,1006,1549
2022-07-04,1007,1212
2022-07-04,1010,943
2022-07-04,1012,1829
2022-07-04,12001,101
2022-07-04,2001,1870
2022-07-04,3001,2916
2022-07-04,3002,981
2022-07-04,4001,79
2022-07-04,6001,14
2022-07-04,7001,1164
2022-07-04,7002,490
2022-07-04,8001,75
2022-07-05,1001,2842
2022-07-05,1002,3592
2022-07-05,1003,2998
2022-07-05,1004,2217
2022-07-05,1005,2749
2022-07-05,1006,1341
2022-07-05,1007,1472
2022-07-05,1010,1400
2022-07-05,1012,1756
2022-07-05,12001,88
2022-07-05,2001,1773
2022-07-05,3001,2465
2022-07-05,3002,1003
2022-07-05,4001,225
2022-07-05,6001,197
2022-07-05,7001,1751
2022-07-05,7002,363
2022-07-05,8001,119
2022-07-06,1001,2704
2022-07-06,1002,2865
2022-07-06,1003,3144
2022-07-06,1004,2328
2022-07-06,1005,2740
2022-07-06,1006,1090
2022-07-06,1007,1165
2022-07-06,1010,1115
2022-07-06,1012,2056
2022-07-06,12001,68
2022-07-06,2001,2094
2022-07-06,3001,2363
2022-07-06,3002,1040
2022-07-06,4001,219
2022-07-06,6001,260
2022-07-06,7001,1646
2022-07-06,7002,871
2022-07-06,8001,68
2022-07-07,1001,2899
2022-07-07,1002,2982
2022-07-07,1003,2761
2022-07-07,1004,2523
2022-07-07,1005,2134
2022-07-07,1006,1125
2022-07-07,1007,1423
2022-07-07,1010,1100
2022-07-07,1012,1769
2022-07-07,11001,106
2022-07-07,12001,39
2022-07-07,2001,1967
2022-07-07,3001,2209
2022-07-07,3002,1027
2022-07-07,4001,197
2022-07-07,6001,197
2022-07-07,7001,1433
2022-07-07,7002,774
2022-07-07,8001,99
2022-07-07,9001,25
2022-07-08,1001,3087
2022-07-08,1002,3768
2022-07-08,1003,3350
2022-07-08,1004,2693
2022-07-08,1005,2637
2022-07-08,1006,1440
2022-07-08,1007,1357
2022-07-08,1010,1139
2022-07-08,1012,2036
2022-07-08,11001,164
2022-07-08,12001,98
2022-07-08,2001,1891
2022-07-08,3001,2167
2022-07-08,3002,877
2022-07-08,4001,214
2022-07-08,6001,193
2022-07-08,7001,1420
2022-07-08,7002,700
2022-07-08,8001,107
2022-07-08,9001,32
2022-07-09,1001,2763
2022-07-09,1002,3846
2022-07-09,1003,3759
2022-07-09,1004,2854
2022-07-09,1005,3239
2022-07-09,1006,1434
2022-07-09,1007,1322
2022-07-09,1010,1512
2022-07-09,1012,2121
2022-07-09,11001,238
2022-07-09,12001,85
2022-07-09,2001,2161
2022-07-09,3001,1722
2022-07-09,3002,744
2022-07-09,4001,177
2022-07-09,6001,187
2022-07-09,7001,1702
2022-07-09,7002,671
2022-07-09,8001,90
2022-07-10,1001,4073
2022-07-10,1002,5284
2022-07-10,1003,4922
2022-07-10,1004,3674
2022-07-10,1005,3825
2022-07-10,1006,1713
2022-07-10,1007,2102
2022-07-10,1010,1598
2022-07-10,1012,2579
2022-07-10,11001,265
2022-07-10,12001,145
2022-07-10,2001,2635
2022-07-10,3001,2407
2022-07-10,3002,995
2022-07-10,4001,245
2022-07-10,6001,114
2022-07-10,7001,2028
2022-07-10,7002,939
2022-07-10,8001,125
2022-07-11,1001,3216
2022-07-11,1002,3673
2022-07-11,1003,3659
2022-07-11,1004,2631
2022-07-11,1005,3037
2022-07-11,1006,1460
2022-07-11,1007,1547
2022-07-11,1010,1383
2022-07-11,1012,2410
2022-07-11,11001,328
2022-07-11,12001,203
2022-07-11,2001,2229
2022-07-11,3001,2167
2022-07-11,3002,912
2022-07-11,4001,153
2022-07-11,6001,170
2022-07-11,7001,1471
2022-07-11,7002,431
2022-07-11,8001,89
2022-07-12,1001,2774
2022-07-12,1002,3283
2022-07-12,1003,3203
2022-07-12,1004,2613
2022-07-12,1005,2577
2022-07-12,1006,1453
2022-07-12,1007,1406
2022-07-12,1010,1286
2022-07-12,1012,1578
2022-07-12,11001,497
2022-07-12,12001,149
2022-07-12,2001,1803
2022-07-12,3001,2350
2022-07-12,3002,959
2022-07-12,4001,205
2022-07-12,6001,122
2022-07-12,7001,1281
2022-07-12,7002,481
2022-07-12,8001,82
2022-07-13,1001,2858
2022-07-13,1002,3221
2022-07-13,1003,2771
2022-07-13,1004,1971
2022-07-13,1005,2958
2022-07-13,1006,1088
2022-07-13,1007,1254
2022-07-13,1010,1061
2022-07-13,1012,1509
2022-07-13,11001,396
2022-07-13,12001,110
2022-07-13,2001,1901
2022-07-13,3001,2122
2022-07-13,3002,978
2022-07-13,4001,242
2022-07-13,6001,148
2022-07-13,7001,1493
2022-07-13,7002,475
2022-07-13,8001,43
2022-07-13,9001,29
2022-07-14,1001,2599
2022-07-14,1002,3046
2022-07-14,1003,2933
2022-07-14,1004,2539
2022-07-14,1005,2584
2022-07-14,1006,905
2022-07-14,1007,1072
2022-07-14,1010,1300
2022-07-14,1012,1489
2022-07-14,11001,594
2022-07-14,12001,211
2022-07-14,2001,1947
2022-07-14,3001,1894
2022-07-14,3002,670
2022-07-14,4001,213
2022-07-14,6001,143
2022-07-14,7001,1824
2022-07-14,7002,808
2022-07-14,8001,75
2022-07-14,9001,30
2022-07-15,1001,2996
2022-07-15,1002,3472
2022-07-15,1003,3276
2022-07-15,1004,2583
2022-07-15,1005,2952
2022-07-15,1006,1359
2022-07-15,1007,1205
2022-07-15,1010,1089
2022-07-15,1012,1924
2022-07-15,11001,741
2022-07-15,12001,181
2022-07-15,2001,2128
2022-07-15,3001,2156
2022-07-15,3002,789
2022-07-15,4001,283
2022-07-15,6001,190
2022-07-15,7001,880
2022-07-15,7002,436
2022-07-15,8001,82
2022-07-15,9001,71
2022-07-16,1001,3188
2022-07-16,1002,3651
2022-07-16,1003,2970
2022-07-16,1004,2514
2022-07-16,1005,2908
2022-07-16,1006,1185
2022-07-16,1007,1305
2022-07-16,1010,1457
2022-07-16,1012,1724
2022-07-16,11001,471
2022-07-16,12001,235
2022-07-16,2001,2203
2022-07-16,3001,1548
2022-07-16,3002,745
2022-07-16,4001,211
2022-07-16,6001,175
2022-07-16,7001,1180
2022-07-16,7002,482
2022-07-16,8001,128
2022-07-16,9001,159
2022-07-17,1001,4287
2022-07-17,1002,5175
2022-07-17,1003,4750
2022-07-17,1004,4025
2022-07-17,1005,4088
2022-07-17,1006,2098
2022-07-17,1007,1888
2022-07-17,1010,1848
2022-07-17,1012,2988
2022-07-17,11001,736
2022-07-17,12001,274
2022-07-17,2001,2804
2022-07-17,3001,2459
2022-07-17,3002,1061
2022-07-17,4001,277
2022-07-17,6001,246
2022-07-17,7001,2194
2022-07-17,7002,843
2022-07-17,8001,139
2022-07-17,9001,159
2022-07-18,1001,3105
2022-07-18,1002,3901
2022-07-18,1003,3665
2022-07-18,1004,2693
2022-07-18,1005,3063
2022-07-18,1006,1640
2022-07-18,1007,1711
2022-07-18,1010,1565
2022-07-18,1012,2592
2022-07-18,11001,776
2022-07-18,12001,116
2022-07-18,2001,1917
2022-07-18,3001,2322
2022-07-18,3002,961
2022-07-18,4001,251
2022-07-18,6001,212
2022-07-18,7001,1774
2022-07-18,7002,579
2022-07-18,8001,91
2022-07-18,9001,136
2022-07-19,1001,3356
2022-07-19,1002,3591
2022-07-19,1003,3674
2022-07-19,1004,3000
2022-07-19,1005,2800
2022-07-19,1006,1577
2022-07-19,1007,1437
2022-07-19,1010,1231
2022-07-19,1012,1927
2022-07-19,11001,869
2022-07-19,12001,144
2022-07-19,2001,1685
2022-07-19,3001,1975
2022-07-19,3002,1002
2022-07-19,4001,262
2022-07-19,6001,319
2022-07-19,7001,1723
2022-07-19,7002,660
2022-07-19,8001,115
2022-07-19,9001,243
2022-07-20,1001,1995
2022-07-20,1002,3101
2022-07-20,1003,2150
2022-07-20,1004,2289
2022-07-20,1005,2583
2022-07-20,1006,1285
2022-07-20,1007,1283
2022-07-20,1010,990
2022-07-20,1012,1438
2022-07-20,11001,925
2022-07-20,12001,175
2022-07-20,2001,2243
2022-07-20,3001,2552
2022-07-20,3002,1151
2022-07-20,4001,178
2022-07-20,6001,269
2022-07-20,7001,1214
2022-07-20,7002,443
2022-07-20,8001,75
2022-07-20,9001,149
2022-07-21,1001,2153
2022-07-21,1002,2424
2022-07-21,1003,1887
2022-07-21,1004,2106
2022-07-21,1005,2121
2022-07-21,1006,900
2022-07-21,1007,1209
2022-07-21,1010,1138
2022-07-21,1012,1567
2022-07-21,11001,981
2022-07-21,12001,378
2022-07-21,2001,1825
2022-07-21,3001,2100
2022-07-21,3002,1025
2022-07-21,4001,209
2022-07-21,6001,358
2022-07-21,7001,1201
2022-07-21,7002,448
2022-07-21,8001,78
2022-07-21,9001,137
2022-07-22,1001,2810
2022-07-22,1002,3379
2022-07-22,1003,2891
2022-07-22,1004,3114
2022-07-22,1005,2682
2022-07-22,1006,1363
2022-07-22,1007,1050
2022-07-22,1010,1468
2022-07-22,1012,1766
2022-07-22,11001,735
2022-07-22,12001,315
2022-07-22,2001,2360
2022-07-22,3001,1831
2022-07-22,3002,908
2022-07-22,4001,290
2022-07-22,6001,473
2022-07-22,7001,1165
2022-07-22,7002,466
2022-07-22,8001,64
2022-07-22,9001,153
2022-07-23,1001,3316
2022-07-23,1002,3910
2022-07-23,1003,3686
2022-07-23,1004,2973
2022-07-23,1005,3310
2022-07-23,1006,1389
2022-07-23,1007,1669
2022-07-23,1010,1351
2022-07-23,1012,2155
2022-07-23,11001,810
2022-07-23,12001,210
2022-07-23,2001,2249
2022-07-23,3001,1696
2022-07-23,3002,1028
2022-07-23,4001,227
2022-07-23,6001,440
2022-07-23,7001,1286
2022-07-23,7002,456
2022-07-23,8001,195
2022-07-23,9001,174
2022-07-24,1001,3998
2022-07-24,1002,5013
2022-07-24,1003,4616
2022-07-24,1004,3820
2022-07-24,1005,3978
2022-07-24,1006,1444
2022-07-24,1007,1602
2022-07-24,1010,1606
2022-07-24,1012,2555
2022-07-24,11001,748
2022-07-24,12001,222
2022-07-24,2001,3090
2022-07-24,3001,2193
2022-07-24,3002,1051
2022-07-24,4001,259
2022-07-24,6001,476
2022-07-24,7001,1864
2022-07-24,7002,711
2022-07-24,8001,134
2022-07-24,9001,240
2022-07-25,1001,3044
2022-07-25,1002,3115
2022-07-25,1003,3378
2022-07-25,1004,2638
2022-07-25,1005,3303
2022-07-25,1006,1328
2022-07-25,1007,1126
2022-07-25,1010,1284
2022-07-25,1012,2008
2022-07-25,11001,933
2022-07-25,12001,186
2022-07-25,2001,2088
2022-07-25,3001,2467
2022-07-25,3002,927
2022-07-25,4001,192
2022-07-25,6001,431
2022-07-25,7001,1063
2022-07-25,7002,498
2022-07-25,8001,75
2022-07-25,9001,121
2022-07-26,1001,2702
2022-07-26,1002,3008
2022-07-26,1003,3015
2022-07-26,1004,2260
2022-07-26,1005,2754
2022-07-26,1006,1260
2022-07-26,1007,1444
2022-07-26,1010,1554
2022-07-26,1012,1609
2022-07-26,11001,804
2022-07-26,12001,275
2022-07-26,2001,1977
2022-07-26,3001,2075
2022-07-26,3002,787
2022-07-26,4001,234
2022-07-26,6001,343
2022-07-26,7001,1027
2022-07-26,7002,734
2022-07-26,8001,41
2022-07-26,9001,204
2022-07-27,1001,2824
2022-07-27,1002,3019
2022-07-27,1003,3175
2022-07-27,1004,2622
2022-07-27,1005,2772
2022-07-27,1006,1423
2022-07-27,1007,1318
2022-07-27,1010,1515
2022-07-27,1012,1655
2022-07-27,11001,779
2022-07-27,12001,230
2022-07-27,2001,1719
2022-07-27,3001,1808
2022-07-27,3002,793
2022-07-27,4001,102
2022-07-27,6001,509
2022-07-27,7001,1145
2022-07-27,7002,433
2022-07-27,8001,41
2022-07-27,9001,203
2022-07-28,1001,2581
2022-07-28,1002,3007
2022-07-28,1003,2738
2022-07-28,1004,2290
2022-07-28,1005,2663
2022-07-28,1006,1205
2022-07-28,1007,1288
2022-07-28,1010,1534
2022-07-28,1012,1718
2022-07-28,11001,965
2022-07-28,12001,315
2022-07-28,2001,1745
2022-07-28,3001,1736
2022-07-28,3002,842
2022-07-28,4001,207
2022-07-28,6001,427
2022-07-28,7001,1118
2022-07-28,7002,417
2022-07-28,8001,85
2022-07-28,9001,180
2022-07-29,1001,2631
2022-07-29,1002,3351
2022-07-29,1003,3140
2022-07-29,1004,2254
2022-07-29,1005,2972
2022-07-29,1006,1544
2022-07-29,1007,1288
2022-07-29,1010,1601
2022-07-29,1012,1979
2022-07-29,11001,1051
2022-07-29,12001,274
2022-07-29,2001,2238
2022-07-29,3001,1498
2022-07-29,3002,811
2022-07-29,4001,215
2022-07-29,6001,438
2022-07-29,7001,1011
2022-07-29,7002,610
2022-07-29,8001,76
2022-07-29,9001,228
2022-07-30,1001,3399
2022-07-30,1002,3657
2022-07-30,1003,3770
2022-07-30,1004,2839
2022-07-30,1005,3432
2022-07-30,1006,1601
2022-07-30,1007,1403
2022-07-30,1010,1986
2022-07-30,1012,1906
2022-07-30,11001,889
2022-07-30,12001,368
2022-07-30,2001,2416
2022-07-30,3001,1575
2022-07-30,3002,787
2022-07-30,4001,372
2022-07-30,6001,549
2022-07-30,7001,1289
2022-07-30,7002,429
2022-07-30,8001,117
2022-07-30,9001,266
2022-07-31,1001,4222
2022-07-31,1002,4648
2022-07-31,1003,4840
2022-07-31,1004,3561
2022-07-31,1005,4537
2022-07-31,1006,2155
2022-07-31,1007,1568
2022-07-31,1010,2207
2022-07-31,1012,2298
2022-07-31,11001,616
2022-07-31,12001,260
2022-07-31,2001,2909
2022-07-31,3001,1442
2022-07-31,3002,644
2022-07-31,4001,461
2022-07-31,6001,621
2022-07-31,7001,1704
2022-07-31,7002,867
2022-07-31,8001,105
2022-07-31,9001,207
2022-08-01,1001,3094
2022-08-01,1002,3831
2022-08-01,1003,3777
2022-08-01,1004,2848
2022-08-01,1005,3348
2022-08-01,1006,1360
2022-08-01,1007,1286
2022-08-01,1010,1830
2022-08-01,1012,1841
2022-08-01,11001,869
2022-08-01,12001,342
2022-08-01,2001,2095
2022-08-01,3001,1655
2022-08-01,3002,877
2022-08-01,4001,247
2022-08-01,6001,614
2022-08-01,7001,1116
2022-08-01,7002,564
2022-08-01,8001,91
2022-08-01,9001,129
2022-08-02,1001,2576
2022-08-02,1002,3070
2022-08-02,1003,3016
2022-08-02,1004,2494
2022-08-02,1005,3186
2022-08-02,1006,1153
2022-08-02,1007,1625
2022-08-02,1010,1990
2022-08-02,1012,1672
2022-08-02,11001,685
2022-08-02,12001,383
2022-08-02,2001,2038
2022-08-02,3001,1298
2022-08-02,3002,670
2022-08-02,4001,199
2022-08-02,6001,667
2022-08-02,7001,1256
2022-08-02,7002,675
2022-08-02,8001,122
2022-08-02,9001,175
2022-08-03,1001,2620
2022-08-03,1002,2740
2022-08-03,1003,3119
2022-08-03,1004,2103
2022-08-03,1005,2981
2022-08-03,1006,1378
2022-08-03,1007,1316
2022-08-03,1010,1654
2022-08-03,1012,1814
2022-08-03,11001,641
2022-08-03,12001,439
2022-08-03,2001,1974
2022-08-03,3001,1364
2022-08-03,3002,524
2022-08-03,4001,331
2022-08-03,6001,540
2022-08-03,7001,1463
2022-08-03,7002,646
2022-08-03,8001,85
2022-08-03,9001,264
2022-08-04,1001,2741
2022-08-04,1002,3124
2022-08-04,1003,2576
2022-08-04,1004,2163
2022-08-04,1005,2660
2022-08-04,1006,1209
2022-08-04,1007,1138
2022-08-04,1010,1456
2022-08-04,1012,1325
2022-08-04,11001,606
2022-08-04,12001,475
2022-08-04,2001,1854
2022-08-04,3001,1319
2022-08-04,3002,548
2022-08-04,4001,313
2022-08-04,6001,589
2022-08-04,7001,1014
2022-08-04,7002,630
2022-08-04,8001,99
2022-08-04,9001,226
2022-08-05,1001,2730
2022-08-05,1002,3164
2022-08-05,1003,3069
2022-08-05,1004,2008
2022-08-05,1005,3252
2022-08-05,1006,1343
2022-08-05,1007,1281
2022-08-05,1010,1823
2022-08-05,1012,1702
2022-08-05,11001,544
2022-08-05,12001,330
2022-08-05,2001,2221
2022-08-05,3001,1243
2022-08-05,3002,649
2022-08-05,4001,320
2022-08-05,6001,638
2022-08-05,7001,1030
2022-08-05,7002,562
2022-08-05,8001,108
2022-08-05,9001,213
2022-08-06,1001,2955
2022-08-06,1002,3044
2022-08-06,1003,3380
2022-08-06,1004,2446
2022-08-06,1005,3345
2022-08-06,1006,1551
2022-08-06,1007,1361
2022-08-06,1010,1124
2022-08-06,1012,1797
2022-08-06,11001,743
2022-08-06,12001,457
2022-08-06,2001,2437
2022-08-06,3001,1074
2022-08-06,3002,557
2022-08-06,4001,379
2022-08-06,6001,1042
2022-08-06,7001,1219
2022-08-06,7002,534
2022-08-06,8001,202
2022-08-06,9001,273
2022-08-07,1001,3681
2022-08-07,1002,4382
2022-08-07,1003,4284
2022-08-07,1004,3334
2022-08-07,1005,4048
2022-08-07,1006,1687
2022-08-07,1007,1766
2022-08-07,1010,1759
2022-08-07,1012,2667
2022-08-07,11001,555
2022-08-07,12001,502
2022-08-07,2001,2759
2022-08-07,3001,1013
2022-08-07,3002,529
2022-08-07,4001,512
2022-08-07,6001,600
2022-08-07,7001,1505
2022-08-07,7002,810
2022-08-07,8001,133
2022-08-07,9001,405
2022-08-08,1001,3135
2022-08-08,1002,3915
2022-08-08,1003,3502
2022-08-08,1004,2453
2022-08-08,1005,3370
2022-08-08,1006,1257
2022-08-08,1007,1366
2022-08-08,1010,2032
2022-08-08,1012,1782
2022-08-08,11001,515
2022-08-08,12001,423
2022-08-08,2001,1836
2022-08-08,3001,940
2022-08-08,3002,509
2022-08-08,4001,332
2022-08-08,6001,517
2022-08-08,7001,1324
2022-08-08,7002,540
2022-08-08,8001,86
2022-08-08,9001,298
2022-08-09,1001,2611
2022-08-09,1002,3096
2022-08-09,1003,3293
2022-08-09,1004,2268
2022-08-09,1005,3263
2022-08-09,1006,1550
2022-08-09,1007,1472
2022-08-09,1010,1841
2022-08-09,1012,1671
2022-08-09,11001,520
2022-08-09,12001,456
2022-08-09,2001,1981
2022-08-09,3001,1022
2022-08-09,3002,578
2022-08-09,4001,243
2022-08-09,6001,515
2022-08-09,7001,1257
2022-08-09,7002,476
2022-08-09,8001,151
2022-08-09,9001,251
2022-08-10,1001,2574
2022-08-10,1002,3256
2022-08-10,1003,3191
2022-08-10,1004,2302
2022-08-10,1005,3260
2022-08-10,1006,1476
2022-08-10,1007,1584
2022-08-10,1010,1729
2022-08-10,1012,1888
2022-08-10,11001,310
2022-08-10,12001,470
2022-08-10,2001,1860
2022-08-10,3001,706
2022-08-10,3002,441
2022-08-10,4001,272
2022-08-10,6001,501
2022-08-10,7001,1462
2022-08-10,7002,604
2022-08-10,8001,77
2022-08-10,9001,265
2022-08-11,1001,2830
2022-08-11,1002,3255
2022-08-11,1003,2945
2022-08-11,1004,2613
2022-08-11,1005,2759
2022-08-11,1006,1565
2022-08-11,1007,1539
2022-08-11,1010,1974
2022-08-11,1012,1959
2022-08-11,11001,570
2022-08-11,12001,373
2022-08-11,2001,1775
2022-08-11,3001,816
2022-08-11,3002,308
2022-08-11,4001,338
2022-08-11,6001,433
2022-08-11,7001,1153
2022-08-11,7002,612
2022-08-11,8001,102
2022-08-11,9001,292
2022-08-12,1001,3087
2022-08-12,1002,3768
2022-08-12,1003,3422
2022-08-12,1004,2820
2022-08-12,1005,3488
2022-08-12,1006,1522
2022-08-12,1007,1395
2022-08-12,1010,2017
2022-08-12,1012,2187
2022-08-12,11001,328
2022-08-12,12001,434
2022-08-12,2001,2008
2022-08-12,3001,850
2022-08-12,3002,379
2022-08-12,4001,448
2022-08-12,6001,600
2022-08-12,7001,1137
2022-08-12,7002,648
2022-08-12,8001,70
2022-08-12,9001,290
2022-08-13,1001,3249
2022-08-13,1002,3689
2022-08-13,1003,3557
2022-08-13,1004,2702
2022-08-13,1005,3979
2022-08-13,1006,1604
2022-08-13,1007,1586
2022-08-13,1010,2381
2022-08-13,1012,2367
2022-08-13,11001,396
2022-08-13,12001,492
2022-08-13,2001,2295
2022-08-13,3001,631
2022-08-13,3002,494
2022-08-13,4001,436
2022-08-13,6001,638
2022-08-13,7001,1350
2022-08-13,7002,742
2022-08-13,8001,123
2022-08-13,9001,317
2022-08-14,1001,3957
2022-08-14,1002,4758
2022-08-14,1003,5018
2022-08-14,1004,3512
2022-08-14,1005,4591
2022-08-14,1006,2298
2022-08-14,1007,1797
2022-08-14,1010,2161
2022-08-14,1012,2481
2022-08-14,11001,618
2022-08-14,12001,476
2022-08-14,2001,2466
2022-08-14,3001,911
2022-08-14,3002,598
2022-08-14,4001,521
2022-08-14,6001,732
2022-08-14,7001,1782
2022-08-14,7002,860
2022-08-14,8001,142
2022-08-14,9001,451
2022-08-15,1001,3133
2022-08-15,1002,3392
2022-08-15,1003,3174
2022-08-15,1004,2730
2022-08-15,1005,3699
2022-08-15,1006,1625
2022-08-15,1007,1414
2022-08-15,1010,2039
2022-08-15,1012,2223
2022-08-15,11001,692
2022-08-15,12001,522
2022-08-15,2001,1694
2022-08-15,3001,830
2022-08-15,3002,542
2022-08-15,4001,360
2022-08-15,6001,485
2022-08-15,7001,1532
2022-08-15,7002,844
2022-08-15,8001,128
2022-08-15,9001,353
2022-08-16,1001,2832
2022-08-16,1002,2971
2022-08-16,1003,2925
2022-08-16,1004,2392
2022-08-16,1005,3268
2022-08-16,1006,1693
2022-08-16,1007,1641
2022-08-16,1010,1890
2022-08-16,1012,1725
2022-08-16,11001,615
2022-08-16,12001,453
2022-08-16,2001,2096
2022-08-16,3001,1155
2022-08-16,3002,346
2022-08-16,4001,451
2022-08-16,6001,653
2022-08-16,7001,1246
2022-08-16,7002,688
2022-08-16,8001,126
2022-08-16,9001,236
2022-08-17,1001,2672
2022-08-17,1002,3464
2022-08-17,1003,2798
2022-08-17,1004,2332
2022-08-17,1005,1522
2022-08-17,1006,1435
2022-08-17,1007,1178
2022-08-17,1010,1928
2022-08-17,1012,1671
2022-08-17,11001,401
2022-08-17,12001,385
2022-08-17,2001,2132
2022-08-17,3001,705
2022-08-17,3002,380
2022-08-17,4001,368
2022-08-17,6001,691
2022-08-17,7001,1153
2022-08-17,7002,521
2022-08-17,8001,118
2022-08-17,9001,285
2022-08-18,1001,2741
2022-08-18,1002,2869
2022-08-18,1003,2698
2022-08-18,1004,1936
2022-08-18,1005,2771
2022-08-18,1006,1287
2022-08-18,1007,1119
2022-08-18,1010,1568
2022-08-18,1012,1732
2022-08-18,11001,649
2022-08-18,12001,287
2022-08-18,2001,2143
2022-08-18,3001,641
2022-08-18,3002,331
2022-08-18,4001,288
2022-08-18,6001,621
2022-08-18,7001,1161
2022-08-18,7002,538
2022-08-18,8001,85
2022-08-18,9001,191
2022-08-19,1001,2822
2022-08-19,1002,3448
2022-08-19,1003,3203
2022-08-19,1004,2055
2022-08-19,1005,3504
2022-08-19,1006,1178
2022-08-19,1007,1205
2022-08-19,1010,1847
2022-08-19,1012,2164
2022-08-19,11001,625
2022-08-19,12001,484
2022-08-19,2001,1670
2022-08-19,3001,701
2022-08-19,3002,450
2022-08-19,4001,344
2022-08-19,6001,663
2022-08-19,7001,1256
2022-08-19,7002,604
2022-08-19,8001,96
2022-08-19,9001,220
2022-08-20,1001,3070
2022-08-20,1002,4040
2022-08-20,1003,3411
2022-08-20,1004,2731
2022-08-20,1005,3473
2022-08-20,1006,1605
2022-08-20,1007,1504
2022-08-20,1010,2148
2022-08-20,1012,2096
2022-08-20,11001,538
2022-08-20,12001,544
2022-08-20,2001,2206
2022-08-20,3001,689
2022-08-20,3002,348
2022-08-20,4001,466
2022-08-20,6001,838
2022-08-20,7001,1082
2022-08-20,7002,498
2022-08-20,8001,150
2022-08-20,9001,332
2022-08-21,1001,3786
2022-08-21,1002,4004
2022-08-21,1003,4670
2022-08-21,1004,2724
2022-08-21,1005,4441
2022-08-21,1006,1828
2022-08-21,1007,1656
2022-08-21,1010,2406
2022-08-21,1012,2515
2022-08-21,11001,529
2022-08-21,12001,557
2022-08-21,2001,2222
2022-08-21,3001,1056
2022-08-21,3002,526
2022-08-21,4001,440
2022-08-21,6001,573
2022-08-21,7001,1706
2022-08-21,7002,717
2022-08-21,8001,139
2022-08-21,9001,332
2022-08-22,1001,2500
2022-08-22,1002,3008
2022-08-22,1003,2744
2022-08-22,1004,2643
2022-08-22,1005,2993
2022-08-22,1006,1526
2022-08-22,1007,1193
2022-08-22,1010,1557
2022-08-22,1012,1905
2022-08-22,11001,807
2022-08-22,12001,420
2022-08-22,2001,1687
2022-08-22,3001,1173
2022-08-22,3002,679
2022-08-22,4001,417
2022-08-22,6001,555
2022-08-22,7001,1281
2022-08-22,7002,587
2022-08-22,8001,190
2022-08-22,9001,338
2022-08-23,1001,2730
2022-08-23,1002,3150
2022-08-23,1003,2737
2022-08-23,1004,2207
2022-08-23,1005,2679
2022-08-23,1006,1465
2022-08-23,1007,1452
2022-08-23,1010,1810
2022-08-23,1012,1559
2022-08-23,11001,615
2022-08-23,12001,397
2022-08-23,2001,1888
2022-08-23,3001,913
2022-08-23,3002,537
2022-08-23,4001,367
2022-08-23,6001,982
2022-08-23,7001,1411
2022-08-23,7002,553
2022-08-23,8001,191
2022-08-23,9001,286
2022-08-24,1001,2376
2022-08-24,1002,3336
2022-08-24,1003,2604
2022-08-24,1004,2027
2022-08-24,1005,2849
2022-08-24,1006,1394
2022-08-24,1007,1109
2022-08-24,1010,1882
2022-08-24,1012,1903
2022-08-24,11001,720
2022-08-24,12001,321
2022-08-24,2001,1759
2022-08-24,3001,835
2022-08-24,3002,467
2022-08-24,4001,434
2022-08-24,6001,1176
2022-08-24,7001,1416
2022-08-24,7002,494
2022-08-24,8001,102
2022-08-24,9001,269
2022-08-25,1001,2764
2022-08-25,1002,3100
2022-08-25,1003,2715
2022-08-25,1004,1786
2022-08-25,1005,1731
2022-08-25,1006,1251
2022-08-25,1007,1335
2022-08-25,1010,1738
2022-08-25,1012,2044
2022-08-25,11001,706
2022-08-25,12001,368
2022-08-25,2001,2058
2022-08-25,3001,1220
2022-08-25,3002,428
2022-08-25,4001,390
2022-08-25,6001,629
2022-08-25,7001,1237
2022-08-25,7002,507
2022-08-25,8001,144
2022-08-25,9001,301
2022-08-26,1001,2698
2022-08-26,1002,3298
2022-08-26,1003,3010
2022-08-26,1004,2360
2022-08-26,1005,3034
2022-08-26,1006,1436
2022-08-26,1007,1397
2022-08-26,1010,1778
2022-08-26,1012,2057
2022-08-26,11001,929
2022-08-26,12001,478
2022-08-26,2001,2011
2022-08-26,3001,991
2022-08-26,3002,549
2022-08-26,4001,420
2022-08-26,6001,666
2022-08-26,7001,1353
2022-08-26,7002,602
2022-08-26,8001,148
2022-08-26,9001,290
2022-08-27,1001,2353
2022-08-27,1002,3821
2022-08-27,1003,3348
2022-08-27,1004,2589
2022-08-27,1005,2988
2022-08-27,1006,1381
2022-08-27,1007,1436
2022-08-27,1010,2195
2022-08-27,1012,2051
2022-08-27,11001,800
2022-08-27,12001,515
2022-08-27,2001,2400
2022-08-27,3001,1308
2022-08-27,3002,550
2022-08-27,4001,486
2022-08-27,6001,842
2022-08-27,7001,1763
2022-08-27,7002,662
2022-08-27,8001,198
2022-08-27,9001,426
2022-08-28,1001,3757
2022-08-28,1002,3007
2022-08-28,1003,4365
2022-08-28,1004,3159
2022-08-28,1005,3620
2022-08-28,1006,2170
2022-08-28,1007,1507
2022-08-28,1010,2151
2022-08-28,1012,2146
2022-08-28,11001,803
2022-08-28,12001,449
2022-08-28,2001,2705
2022-08-28,3001,1136
2022-08-28,3002,676
2022-08-28,4001,578
2022-08-28,6001,801
2022-08-28,7001,2359
2022-08-28,7002,815
2022-08-28,8001,115
2022-08-28,9001,444
2022-08-29,1001,2897
2022-08-29,1002,3389
2022-08-29,1003,3811
2022-08-29,1004,3120
2022-08-29,1005,3767
2022-08-29,1006,1840
2022-08-29,1007,1666
2022-08-29,1010,2314
2022-08-29,1012,2332
2022-08-29,11001,639
2022-08-29,12001,278
2022-08-29,2001,2821
2022-08-29,3001,1823
2022-08-29,3002,803
2022-08-29,4001,527
2022-08-29,6001,752
2022-08-29,7001,1658
2022-08-29,7002,451
2022-08-29,8001,261
2022-08-29,9001,484
2022-08-30,1001,2683
2022-08-30,1002,3579
2022-08-30,1003,3185
2022-08-30,1004,2473
2022-08-30,1005,3308
2022-08-30,1006,1475
2022-08-30,1007,1290
2022-08-30,1010,1645
2022-08-30,1012,1879
2022-08-30,11001,616
2022-08-30,12001,424
2022-08-30,2001,1909
2022-08-30,3001,1003
2022-08-30,3002,642
2022-08-30,4001,391
2022-08-30,6001,693
2022-08-30,7001,1437
2022-08-30,7002,595
2022-08-30,8001,153
2022-08-30,9001,198
2022-08-31,1001,2554
2022-08-31,1002,3561
2022-08-31,1003,3004
2022-08-31,1004,2285
2022-08-31,1005,3422
2022-08-31,1006,1510
2022-08-31,1007,1225
2022-08-31,1010,1884
2022-08-31,1012,1794
2022-08-31,11001,835
2022-08-31,12001,509
2022-08-31,2001,1793
2022-08-31,3001,1320
2022-08-31,3002,611
2022-08-31,4001,309
2022-08-31,6001,751
2022-08-31,7001,1707
2022-08-31,7002,594
2022-08-31,8001,154
2022-08-31,9001,319
2022-09-01,1001,2672
2022-09-01,1002,3102
2022-09-01,1003,2320
2022-09-01,1004,2210
2022-09-01,1005,2999
2022-09-01,1006,1473
2022-09-01,1007,1422
2022-09-01,1010,1912
2022-09-01,1012,1867
2022-09-01,11001,1108
2022-09-01,12001,337
2022-09-01,2,9
2022-09-01,2001,1792
2022-09-01,3001,1572
2022-09-01,3002,773
2022-09-01,4001,399
2022-09-01,6001,715
2022-09-01,7001,1593
2022-09-01,7002,537
2022-09-01,8001,172
2022-09-01,9001,327
2022-09-02,1001,3041
2022-09-02,1002,3191
2022-09-02,1003,2795
2022-09-02,1004,2072
2022-09-02,1005,3043
2022-09-02,1006,1489
2022-09-02,1007,1355
2022-09-02,1010,2070
2022-09-02,1012,1959
2022-09-02,11001,997
2022-09-02,12001,367
2022-09-02,2,6
2022-09-02,2001,1998
2022-09-02,3001,1394
2022-09-02,3002,707
2022-09-02,6001,818
2022-09-02,7001,1884
2022-09-02,7002,345
2022-09-02,8001,167
2022-09-02,9001,421
2022-09-02,D21601,497
2022-09-03,1001,2693
2022-09-03,1002,3758
2022-09-03,1003,3928
2022-09-03,1004,2604
2022-09-03,1005,3907
2022-09-03,1006,1533
2022-09-03,1007,1465
2022-09-03,1010,2334
2022-09-03,1012,2059
2022-09-03,11001,964
2022-09-03,12001,368
2022-09-03,2,2
2022-09-03,2001,2328
2022-09-03,3001,1396
2022-09-03,3002,683
2022-09-03,6001,928
2022-09-03,7001,1712
2022-09-03,8001,214
2022-09-03,9001,301
2022-09-03,D21601,435
2022-09-04,1001,2962
2022-09-04,1002,4146
2022-09-04,1003,4235
2022-09-04,1004,3232
2022-09-04,1005,4466
2022-09-04,1006,2020
2022-09-04,1007,1585
2022-09-04,1010,2122
2022-09-04,1012,2536
2022-09-04,11001,1481
2022-09-04,12001,468
2022-09-04,2001,2960
2022-09-04,3001,1553
2022-09-04,3002,919
2022-09-04,6001,956
2022-09-04,7001,2321
2022-09-04,8001,250
2022-09-04,9001,371
2022-09-04,D21601,312
2022-09-05,1001,2909
2022-09-05,1002,3174
2022-09-05,1003,3131
2022-09-05,1004,2831
2022-09-05,1005,3452
2022-09-05,1006,1689
2022-09-05,1007,1217
2022-09-05,1010,1803
2022-09-05,1012,1942
2022-09-05,11001,1058
2022-09-05,12001,375
2022-09-05,2,16
2022-09-05,2001,2172
2022-09-05,3001,2051
2022-09-05,3002,747
2022-09-05,6001,995
2022-09-05,7001,1631
2022-09-05,7002,918
2022-09-05,8001,220
2022-09-05,9001,320
2022-09-05,D21601,456
2022-09-06,1001,2934
2022-09-06,1002,3025
2022-09-06,1003,3319
2022-09-06,1004,2670
2022-09-06,1005,3113
2022-09-06,1006,1520
2022-09-06,1007,1192
2022-09-06,1010,1607
2022-09-06,1012,2164
2022-09-06,11001,856
2022-09-06,12001,504
2022-09-06,2,16
2022-09-06,2001,1697
2022-09-06,3001,1627
2022-09-06,3002,803
2022-09-06,4001,234
2022-09-06,6001,749
2022-09-06,7001,1516
2022-09-06,7002,722
2022-09-06,8001,144
2022-09-06,9001,273
2022-09-07,1001,2688
2022-09-07,1002,2910
2022-09-07,1003,2991
2022-09-07,1004,2409
2022-09-07,1005,2800
2022-09-07,1006,1338
2022-09-07,1007,1495
2022-09-07,1010,1897
2022-09-07,1012,1716
2022-09-07,11001,1123
2022-09-07,12001,426
2022-09-07,2,31
2022-09-07,2001,1942
2022-09-07,3001,2127
2022-09-07,3002,975
2022-09-07,4001,269
2022-09-07,6001,900
2022-09-07,7001,1377
2022-09-07,7002,587
2022-09-07,8001,154
2022-09-07,9001,237
2022-09-08,1001,2527
2022-09-08,1002,2609
2022-09-08,1003,2799
2022-09-08,1004,2189
2022-09-08,1005,2825
2022-09-08,1006,1319
2022-09-08,1007,1280
2022-09-08,1010,1801
2022-09-08,1012,1800
2022-09-08,11001,1501
2022-09-08,12001,485
2022-09-08,2,47
2022-09-08,2001,1911
2022-09-08,3001,1741
2022-09-08,3002,518
2022-09-08,4001,273
2022-09-08,6001,782
2022-09-08,7001,1452
2022-09-08,7002,663
2022-09-08,8001,258
2022-09-08,9001,246
2022-09-09,1001,2161
2022-09-09,1002,2839
2022-09-09,1003,2802
2022-09-09,1004,2338
2022-09-09,1005,2808
2022-09-09,1006,1406
2022-09-09,1007,1221
2022-09-09,1010,1388
2022-09-09,1012,1570
2022-09-09,11001,1789
2022-09-09,12001,442
2022-09-09,2,60
2022-09-09,2001,2222
2022-09-09,3001,1546
2022-09-09,3002,720
2022-09-09,4001,175
2022-09-09,6001,731
2022-09-09,7001,1853
2022-09-09,7002,709
2022-09-09,8001,151
2022-09-09,9001,361
2022-09-10,1001,2925
2022-09-10,1002,2814
2022-09-10,1003,3657
2022-09-10,1004,2900
2022-09-10,1005,3431
2022-09-10,1006,1435
2022-09-10,1007,1724
2022-09-10,1010,1748
2022-09-10,1012,2231
2022-09-10,11001,1486
2022-09-10,12001,554
2022-09-10,2,107
2022-09-10,2001,2831
2022-09-10,3001,1607
2022-09-10,3002,601
2022-09-10,4001,322
2022-09-10,6001,1059
2022-09-10,7001,1920
2022-09-10,7002,653
2022-09-10,8001,142
2022-09-10,9001,340
2022-09-11,1001,3722
2022-09-11,1002,3965
2022-09-11,1003,4218
2022-09-11,1004,2979
2022-09-11,1005,4334
2022-09-11,1006,2051
2022-09-11,1007,1687
2022-09-11,1010,1894
2022-09-11,1012,2325
2022-09-11,11001,1535
2022-09-11,12001,580
2022-09-11,2,81
2022-09-11,2001,2825
2022-09-11,3001,1874
2022-09-11,3002,806
2022-09-11,4001,348
2022-09-11,6001,1054
2022-09-11,7001,2488
2022-09-11,7002,919
2022-09-11,8001,199
2022-09-11,9001,310
2022-09-12,1001,3127
2022-09-12,1002,3051
2022-09-12,1003,3588
2022-09-12,1004,2506
2022-09-12,1005,3069
2022-09-12,1006,1515
2022-09-12,1007,1386
2022-09-12,1010,1801
2022-09-12,1012,2008
2022-09-12,11001,1289
2022-09-12,12001,460
2022-09-12,2,13
2022-09-12,2001,2091
2022-09-12,3001,1949
2022-09-12,3002,887
2022-09-12,4001,362
2022-09-12,6001,1142
2022-09-12,7001,1451
2022-09-12,7002,534
2022-09-12,8001,198
2022-09-12,9001,258
2022-09-13,1001,2836
2022-09-13,1002,3283
2022-09-13,1003,2847
2022-09-13,1004,2381
2022-09-13,1005,3063
2022-09-13,1006,1335
2022-09-13,1007,1105
2022-09-13,1010,1715
2022-09-13,1012,1688
2022-09-13,11001,1588
2022-09-13,12001,386
2022-09-13,2,46
2022-09-13,2001,1801
2022-09-13,3001,1883
2022-09-13,3002,852
2022-09-13,4001,248
2022-09-13,6001,1018
2022-09-13,7001,1628
2022-09-13,7002,568
2022-09-13,8001,159
2022-09-13,9001,312
2022-09-14,1001,2152
2022-09-14,1002,2931
2022-09-14,1003,2483
2022-09-14,1004,2183
2022-09-14,1005,2812
2022-09-14,1006,1333
2022-09-14,1007,974
2022-09-14,1010,1495
2022-09-14,1012,1519
2022-09-14,11001,1546
2022-09-14,12001,370
2022-09-14,2,22
2022-09-14,2001,1694
2022-09-14,3001,1686
2022-09-14,3002,731
2022-09-14,4001,177
2022-09-14,6001,738
2022-09-14,7001,1520
2022-09-14,7002,637
2022-09-14,8001,143
2022-09-14,9001,261
2022-09-15,1001,2455
2022-09-15,1002,2443
2022-09-15,1003,2613
2022-09-15,1004,2142
2022-09-15,1005,2566
2022-09-15,1006,1181
2022-09-15,1007,1253
2022-09-15,1010,1542
2022-09-15,1012,1551
2022-09-15,11001,1694
2022-09-15,12001,514
2022-09-15,2,35
2022-09-15,2001,1750
2022-09-15,3001,1752
2022-09-15,3002,703
2022-09-15,4001,254
2022-09-15,6001,682
2022-09-15,7001,1224
2022-09-15,7002,570
2022-09-15,8001,174
2022-09-15,9001,225
2022-09-16,1001,2436
2022-09-16,1002,3187
2022-09-16,1003,3011
2022-09-16,1004,2707
2022-09-16,1005,3430
2022-09-16,1006,1511
2022-09-16,1007,1255
2022-09-16,1010,1528
2022-09-16,1012,1982
2022-09-16,11001,1718
2022-09-16,12001,442
2022-09-16,2,9
2022-09-16,2001,2525
2022-09-16,3001,1518
2022-09-16,3002,844
2022-09-16,4001,277
2022-09-16,6001,790
2022-09-16,7001,1809
2022-09-16,7002,551
2022-09-16,8001,259
2022-09-16,9001,369
2022-09-17,1001,3080
2022-09-17,1002,3516
2022-09-17,1003,3595
2022-09-17,1004,2400
2022-09-17,1005,3509
2022-09-17,1006,1711
2022-09-17,1007,1460
2022-09-17,1010,1951
2022-09-17,1012,1999
2022-09-17,11001,1864
2022-09-17,12001,659
2022-09-17,2,73
2022-09-17,2001,2407
2022-09-17,3001,1477
2022-09-17,3002,824
2022-09-17,4001,324
2022-09-17,6001,1198
2022-09-17,7001,1917
2022-09-17,7002,577
2022-09-17,8001,183
2022-09-17,9001,480
2022-09-18,1001,4589
2022-09-18,1002,4572
2022-09-18,1003,4580
2022-09-18,1004,4129
2022-09-18,1005,4939
2022-09-18,1006,2241
2022-09-18,1007,1838
2022-09-18,1010,2373
2022-09-18,1012,3037
2022-09-18,11001,2601
2022-09-18,12001,648
2022-09-18,2,47
2022-09-18,2001,3301
2022-09-18,3001,1995
2022-09-18,3002,678
2022-09-18,4001,433
2022-09-18,6001,1267
2022-09-18,7001,2465
2022-09-18,7002,1072
2022-09-18,8001,448
2022-09-18,9001,656
2022-09-19,1001,1554
2022-09-19,1002,2367
2022-09-19,1003,1780
2022-09-19,1004,1891
2022-09-19,1005,2384
2022-09-19,1006,1088
2022-09-19,1007,1138
2022-09-19,1010,1390
2022-09-19,1012,1331
2022-09-19,11001,2238
2022-09-19,12001,388
2022-09-19,2,44
2022-09-19,2001,1562
2022-09-19,3,61
2022-09-19,3001,2093
2022-09-19,3002,856
2022-09-19,4001,259
2022-09-19,6001,832
2022-09-19,7001,1823
2022-09-19,7002,986
2022-09-19,8001,586
2022-09-19,9001,919
2022-09-20,1001,2554
2022-09-20,1002,2635
2022-09-20,1003,2600
2022-09-20,1004,2346
2022-09-20,1005,2590
2022-09-20,1006,1124
2022-09-20,1007,1336
2022-09-20,1010,1155
2022-09-20,1012,1418
2022-09-20,11001,2113
2022-09-20,12001,322
2022-09-20,12002,1
2022-09-20,2,53
2022-09-20,2001,2044
2022-09-20,3,3
2022-09-20,3001,1471
2022-09-20,3002,680
2022-09-20,4001,241
2022-09-20,6001,582
2022-09-20,7001,1849
2022-09-20,7002,840
2022-09-20,8001,251
2022-09-20,9001,366
2022-09-21,1001,2881
2022-09-21,1002,2960
2022-09-21,1003,2493
2022-09-21,1004,2178
2022-09-21,1005,3133
2022-09-21,1006,1308
2022-09-21,1007,1207
2022-09-21,1010,1807
2022-09-21,1012,1455
2022-09-21,11001,2484
2022-09-21,12001,634
2022-09-21,2,6
2022-09-21,2001,2005
2022-09-21,3,50
2022-09-21,3001,1625
2022-09-21,3002,793
2022-09-21,4001,297
2022-09-21,6001,984
2022-09-21,7001,1664
2022-09-21,7002,938
2022-09-21,8001,141
2022-09-21,9001,336
2022-09-22,1001,2470
2022-09-22,1002,2922
2022-09-22,1003,3175
2022-09-22,1004,2409
2022-09-22,1005,3019
2022-09-22,1006,1284
2022-09-22,1007,1413
2022-09-22,1010,1625
2022-09-22,1012,1511
2022-09-22,11001,2125
2022-09-22,12001,557
2022-09-22,2,55
2022-09-22,2001,1482
2022-09-22,3,2
2022-09-22,3001,1691
2022-09-22,3002,781
2022-09-22,4001,257
2022-09-22,6001,974
2022-09-22,7001,1780
2022-09-22,7002,821
2022-09-22,8001,183
2022-09-22,9001,476
2022-09-23,1001,1985
2022-09-23,1002,3439
2022-09-23,1003,3350
2022-09-23,1004,2355
2022-09-23,1005,3387
2022-09-23,1006,1416
2022-09-23,1007,1471
2022-09-23,1010,2108
2022-09-23,1012,2075
2022-09-23,11001,1962
2022-09-23,12001,405
2022-09-23,2,34
2022-09-23,2001,2858
2022-09-23,3,25
2022-09-23,3001,1696
2022-09-23,3002,638
2022-09-23,4001,301
2022-09-23,6001,1294
2022-09-23,7001,2177
2022-09-23,7002,977
2022-09-23,8001,151
2022-09-23,9001,477
2022-09-24,1001,1530
2022-09-24,1002,3818
2022-09-24,1003,3809
2022-09-24,1004,3142
2022-09-24,1005,3345
2022-09-24,1006,1967
2022-09-24,1007,1609
2022-09-24,1010,2280
2022-09-24,1012,2199
2022-09-24,11001,3437
2022-09-24,12001,652
2022-09-24,2,40
2022-09-24,2001,3020
2022-09-24,3001,2356
2022-09-24,3002,902
2022-09-24,4001,343
2022-09-24,6001,1290
2022-09-24,7001,3156
2022-09-24,7002,1101
2022-09-24,8001,371
2022-09-24,9001,604
2022-09-25,1001,1607
2022-09-25,1002,4379
2022-09-25,1003,4877
2022-09-25,1004,3850
2022-09-25,1005,4822
2022-09-25,1006,1924
2022-09-25,1007,1692
2022-09-25,1010,2632
2022-09-25,1012,2582
2022-09-25,11001,2599
2022-09-25,12001,617
2022-09-25,2,17
2022-09-25,2001,3535
2022-09-25,3001,2111
2022-09-25,3002,830
2022-09-25,4001,469
2022-09-25,6001,1354
2022-09-25,7001,2712
2022-09-25,7002,1412
2022-09-25,8001,282
2022-09-25,9001,772
